{
  "description": "",
  "supported_items": [
    "minecraft:netherite_pickaxe",
    "minecraft:diamond_pickaxe"
  ],
  "weight": 1,
  "max_level": 1,
  "min_cost": {
    "base": 0,
    "per_level_above_first": 0
  },
  "max_cost": {
    "base": 0,
    "per_level_above_first": 0
  },
  "anvil_cost": 0,
  "slots": [],
  "effects": {
    "minecraft:hit_block": [
      {
        "effect": {
          "type": "minecraft:replace_block",
          "block_state": {
            "type": "minecraft:simple_state_provider",
            "state": {
              "Name": "minecraft:air"
            }
          }
        },
        "requirements": {
          "condition": "minecraft:location_check",
          "predicate": {
            "block": {
              "blocks": "minecraft:trial_spawner",
              "state": {
                "trial_spawner_state": "cooldown"
              }
            }
          }
        }
      }
    ]
  }
}
