{"stats":{"minecraft:used":{"minecraft:moss_block":2,"minecraft:blue_terracotta":2,"minecraft:writable_book":10,"minecraft:iron_shovel":177,"minecraft:spruce_slab":11,"minecraft:ladder":23,"minecraft:decorated_pot":8,"minecraft:chest":67,"minecraft:white_terracotta":24,"minecraft:iron_sword":689,"minecraft:iron_chestplate":1,"minecraft:carrot":26,"minecraft:deepslate_brick_slab":192,"minecraft:snowball":85,"minecraft:milk_bucket":49,"minecraft:glow_squid_spawn_egg":1,"minecraft:grass_block":1,"minecraft:birch_sapling":14,"minecraft:iron_helmet":4,"minecraft:dark_oak_slab":86,"minecraft:item_frame":1,"minecraft:birch_trapdoor":38,"minecraft:bow":3,"minecraft:sweet_berries":2,"minecraft:oak_sapling":6,"minecraft:furnace":2,"minecraft:cooked_cod":3,"minecraft:egg":111,"minecraft:dark_oak_sapling":9,"minecraft:armadillo_spawn_egg":1,"minecraft:diorite":68,"minecraft:stone_pickaxe":265,"minecraft:prismarine":6,"minecraft:oak_planks":349,"minecraft:wooden_pickaxe":4,"minecraft:composter":2,"minecraft:clay":10,"minecraft:golden_apple":2,"minecraft:mushroom_stew":69,"minecraft:light_gray_terracotta":1,"minecraft:pumpkin_seeds":4,"minecraft:shears":8,"minecraft:dripstone_block":28,"minecraft:deepslate_brick_stairs":2,"minecraft:deepslate_tiles":5,"minecraft:melon_slice":4,"minecraft:birch_slab":18,"minecraft:dark_oak_log":4,"minecraft:bread":29,"minecraft:wooden_sword":48,"minecraft:andesite":56,"minecraft:birch_log":1,"minecraft:ice":3,"minecraft:tropical_fish_bucket":1,"minecraft:bone_meal":557,"minecraft:oak_fence":29,"minecraft:azalea":1,"minecraft:oak_trapdoor":18,"minecraft:flint_and_steel":2,"minecraft:carved_pumpkin":1,"minecraft:stone_shovel":81,"minecraft:spruce_planks":111,"minecraft:stone_hoe":28,"minecraft:cooked_chicken":3,"minecraft:torch":42,"minecraft:dirt":136,"minecraft:white_carpet":4,"minecraft:sheaf_pottery_sherd":2,"minecraft:glow_lichen":1,"minecraft:granite":65,"minecraft:dark_oak_planks":30,"minecraft:wooden_axe":67,"minecraft:iron_axe":384,"minecraft:iron_boots":2,"minecraft:melon_seeds":1,"minecraft:smooth_basalt":28,"minecraft:golden_carrot":16,"minecraft:minecart":3,"minecraft:pumpkin":7,"minecraft:cooked_beef":31,"minecraft:cobbled_deepslate":12,"minecraft:acacia_planks":20,"minecraft:calcite":65,"minecraft:wheat_seeds":312,"minecraft:cooked_mutton":4,"minecraft:water_bucket":11,"minecraft:amethyst_block":91,"minecraft:snow_block":2,"minecraft:birch_planks":420,"minecraft:copper_block":3,"minecraft:stonecutter":1,"minecraft:leather_boots":1,"minecraft:deepslate_bricks":72,"minecraft:rail":28,"minecraft:terracotta":27,"minecraft:crafting_table":12,"minecraft:oak_slab":170,"minecraft:amethyst_cluster":2,"minecraft:spruce_log":12,"minecraft:deepslate_tile_wall":8,"minecraft:cake":1,"minecraft:wooden_hoe":1,"minecraft:apple":1,"minecraft:wind_charge":2,"minecraft:iron_pickaxe":852,"minecraft:leather_helmet":2,"minecraft:spruce_trapdoor":24,"minecraft:budding_amethyst":6,"minecraft:spruce_sapling":6,"minecraft:stone_axe":390,"minecraft:cobblestone":154,"minecraft:bucket":10,"minecraft:jukebox":4,"minecraft:candle":5},"minecraft:picked_up":{"minecraft:wooden_axe":8,"minecraft:iron_chestplate":2,"minecraft:wheat":278,"minecraft:chainmail_boots":2,"minecraft:amethyst_block":134,"minecraft:string":271,"minecraft:raw_copper":824,"minecraft:deepslate_tiles":14,"minecraft:gold_nugget":4,"minecraft:cobbled_deepslate":87,"minecraft:bucket":8,"minecraft:spruce_planks":190,"minecraft:red_dye":2,"minecraft:cobblestone_slab":18,"minecraft:calcite":121,"minecraft:azalea":18,"minecraft:wooden_shovel":9,"minecraft:iron_pickaxe":21,"minecraft:melon_slice":248,"minecraft:iron_boots":8,"minecraft:tipped_arrow":3,"minecraft:golden_helmet":4,"minecraft:stick":96,"minecraft:sheaf_pottery_sherd":43,"minecraft:music_disc_blocks":6,"minecraft:jukebox":8,"minecraft:composter":1,"minecraft:birch_trapdoor":18,"minecraft:oak_fence":21,"minecraft:torch":81,"minecraft:snow_block":8,"minecraft:pointed_dripstone":7,"minecraft:diorite":126,"minecraft:golden_chestplate":6,"minecraft:green_terracotta":2,"minecraft:shaper_armor_trim_smithing_template":3,"minecraft:rotten_flesh":554,"minecraft:tropical_fish":16,"minecraft:armadillo_scute":21,"minecraft:blue_dye":2,"minecraft:red_tulip":6,"minecraft:carved_pumpkin":33,"minecraft:white_terracotta":33,"minecraft:host_armor_trim_smithing_template":3,"minecraft:cod":5,"minecraft:snowball":315,"minecraft:cobblestone":260,"minecraft:birch_log":107,"minecraft:leather_chestplate":8,"minecraft:feather":52,"minecraft:cooked_beef":16,"minecraft:birch_slab":4,"minecraft:water_bucket":2,"minecraft:andesite":88,"minecraft:golden_leggings":4,"minecraft:powder_snow_bucket":1,"minecraft:potato":4,"minecraft:flint":10,"minecraft:tuff":44,"minecraft:light_gray_dye":1,"minecraft:prismarine_bricks":8,"minecraft:map":1,"minecraft:lapis_lazuli":225,"minecraft:dirt":348,"minecraft:stripped_birch_log":2,"minecraft:disc_fragment_5":9,"minecraft:leather_boots":4,"minecraft:bone":408,"minecraft:acacia_planks":25,"minecraft:gray_terracotta":19,"minecraft:bow":28,"minecraft:wheat_seeds":1938,"minecraft:small_dripleaf":18,"minecraft:deepslate_brick_slab":38,"minecraft:raw_gold":52,"minecraft:rabbit":23,"minecraft:glowstone_dust":3,"minecraft:moss_block":156,"minecraft:oak_planks":65,"minecraft:prismarine":19,"minecraft:pitcher_pod":4,"minecraft:stone_hoe":4,"minecraft:glow_lichen":12,"minecraft:axolotl_bucket":3,"minecraft:sand":5,"minecraft:grass_block":1,"minecraft:dark_oak_log":53,"minecraft:dark_prismarine":1,"minecraft:light_gray_terracotta":11,"minecraft:blue_terracotta":9,"minecraft:sugar":3,"minecraft:diamond":19,"minecraft:writable_book":6,"minecraft:dead_brain_coral_block":3,"minecraft:granite":116,"minecraft:blue_ice":6,"minecraft:breeze_rod":4,"minecraft:bone_meal":77,"minecraft:golden_apple":18,"minecraft:music_disc_precipice":5,"minecraft:bread":145,"minecraft:cyan_dye":6,"minecraft:rooted_dirt":45,"minecraft:oak_sapling":16,"minecraft:oak_leaves":5,"minecraft:music_disc_5":1,"minecraft:crafting_table":13,"minecraft:azure_bluet":2,"minecraft:chicken":31,"minecraft:ladder":43,"minecraft:clay_ball":192,"minecraft:leather_leggings":1,"minecraft:brown_mushroom":6,"minecraft:wooden_pickaxe":8,"minecraft:music_disc_creator":7,"minecraft:oak_trapdoor":7,"minecraft:iron_axe":19,"minecraft:wooden_sword":14,"minecraft:flint_and_steel":2,"minecraft:white_carpet":1,"minecraft:iron_shovel":16,"minecraft:candle":23,"minecraft:beef":37,"minecraft:poppy":1,"minecraft:spruce_slab":13,"minecraft:minecart":6,"minecraft:chest":90,"minecraft:birch_sapling":25,"minecraft:raw_copper_block":1,"minecraft:egg":125,"minecraft:dark_oak_sapling":15,"minecraft:raw_iron":46,"minecraft:raw_gold_block":10,"minecraft:music_disc_relic":3,"minecraft:copper_ingot":80,"minecraft:bowl":5,"minecraft:amethyst_cluster":7,"minecraft:music_disc_11":2,"minecraft:carrot":136,"minecraft:redstone":55,"minecraft:dark_oak_planks":10,"minecraft:howl_pottery_sherd":15,"minecraft:arrow":578,"minecraft:stone_shovel":3,"minecraft:shears":3,"minecraft:deepslate_bricks":38,"minecraft:gold_ingot":22,"minecraft:glow_berries":30,"minecraft:mutton":8,"minecraft:white_wool":26,"minecraft:rail":81,"minecraft:heartbreak_pottery_sherd":26,"minecraft:golden_carrot":4,"minecraft:salmon":4,"minecraft:leather":71,"minecraft:yellow_dye":6,"minecraft:music_disc_stal":5,"minecraft:filled_map":5,"minecraft:birch_planks":187,"minecraft:wolf_armor":1,"minecraft:ice":6,"minecraft:mushroom_stew":15,"minecraft:oak_log":99,"minecraft:golden_boots":1,"minecraft:gunpowder":660,"minecraft:paper":44,"minecraft:cooked_mutton":1,"minecraft:apple":16,"minecraft:creeper_spawn_egg":2,"minecraft:rabbit_hide":9,"minecraft:spore_blossom":3,"minecraft:iron_ingot":34,"minecraft:stone_pickaxe":22,"minecraft:glass_bottle":1,"minecraft:iron_sword":13,"minecraft:flowering_azalea":8,"minecraft:music_disc_chirp":3,"minecraft:book":10,"minecraft:tropical_fish_bucket":1,"minecraft:oak_slab":40,"minecraft:milk_bucket":4,"minecraft:smooth_basalt":64,"minecraft:dark_oak_slab":37,"minecraft:pumpkin":22,"minecraft:sweet_berries":15,"minecraft:budding_amethyst":5,"minecraft:dandelion":8,"minecraft:spyglass":2,"minecraft:raw_iron_block":1,"minecraft:dripstone_block":79,"minecraft:gravel":26,"minecraft:dead_fire_coral_block":1,"minecraft:amethyst_shard":31,"minecraft:spruce_sapling":38,"minecraft:spruce_log":57,"minecraft:spider_eye":59,"minecraft:leather_helmet":4,"minecraft:music_disc_mall":7,"minecraft:pumpkin_seeds":81,"minecraft:stone_axe":5,"minecraft:short_grass":4,"minecraft:iron_helmet":9,"minecraft:terracotta":16,"minecraft:melon_seeds":2,"minecraft:coal":82,"minecraft:ender_pearl":4},"minecraft:killed_by":{"minecraft:witch":6,"minecraft:zombie":5,"minecraft:player":6,"minecraft:wolf":1,"minecraft:stray":1,"minecraft:spider":2,"minecraft:skeleton":4},"minecraft:custom":{"minecraft:animals_bred":63,"minecraft:interact_with_crafting_table":149,"minecraft:eat_cake_slice":2,"minecraft:leave_game":1,"minecraft:time_since_death":46276,"minecraft:sprint_one_cm":579160,"minecraft:drop":110,"minecraft:talked_to_villager":3,"minecraft:play_time":401875,"minecraft:deaths":27,"minecraft:jump":2744,"minecraft:walk_on_water_one_cm":19764,"minecraft:interact_with_furnace":173,"minecraft:play_record":19,"minecraft:damage_dealt":31168,"minecraft:player_kills":3,"minecraft:crouch_one_cm":279643,"minecraft:mob_kills":926,"minecraft:damage_dealt_resisted":207,"minecraft:climb_one_cm":40452,"minecraft:walk_one_cm":1111336,"minecraft:sneak_time":56450,"minecraft:walk_under_water_one_cm":8241,"minecraft:total_world_time":401875,"minecraft:interact_with_stonecutter":9,"minecraft:time_since_rest":46300,"minecraft:damage_taken":18893,"minecraft:damage_absorbed":46,"minecraft:swim_one_cm":7788,"minecraft:fly_one_cm":340987,"minecraft:open_chest":845,"minecraft:fall_one_cm":54268},"minecraft:dropped":{"minecraft:iron_sword":2,"minecraft:lapis_lazuli":41,"minecraft:oak_log":1,"minecraft:rail":2,"minecraft:flint":1,"minecraft:dirt":26,"minecraft:music_disc_precipice":1,"minecraft:snowball":32,"minecraft:wooden_sword":1,"minecraft:writable_book":2,"minecraft:iron_pickaxe":1,"minecraft:birch_log":32,"minecraft:bone":46,"minecraft:birch_sapling":11,"minecraft:rotten_flesh":9,"minecraft:wind_charge":2,"minecraft:poppy":1,"minecraft:birch_trapdoor":1,"minecraft:arrow":6,"minecraft:egg":1,"minecraft:iron_ingot":13,"minecraft:oak_slab":66,"minecraft:wheat_seeds":3,"minecraft:cobblestone":13,"minecraft:amethyst_block":14,"minecraft:granite":3,"minecraft:mushroom_stew":4,"minecraft:stick":9,"minecraft:diorite":2,"minecraft:wooden_hoe":1,"minecraft:wooden_axe":2,"minecraft:iron_axe":3,"minecraft:iron_shovel":1,"minecraft:paper":10,"minecraft:string":8,"minecraft:bucket":3,"minecraft:spruce_sapling":3,"minecraft:dandelion":6,"minecraft:snow_block":2,"minecraft:blue_terracotta":2,"minecraft:raw_copper":15,"minecraft:bowl":2,"minecraft:shears":3,"minecraft:wolf_armor":1,"minecraft:filled_map":1,"minecraft:andesite":1,"minecraft:oak_sapling":3,"minecraft:wooden_shovel":1,"minecraft:stone_pickaxe":1},"minecraft:mined":{"minecraft:dark_oak_planks":9,"minecraft:spruce_planks":20,"minecraft:oak_sapling":2,"minecraft:farmland":1,"minecraft:carved_pumpkin":7,"minecraft:granite":70,"minecraft:budding_amethyst":6,"minecraft:grass_block":98,"minecraft:deepslate_bricks":21,"minecraft:composter":1,"minecraft:iron_ore":31,"minecraft:cobbled_deepslate":7,"minecraft:pumpkin":5,"minecraft:deepslate_lapis_ore":2,"minecraft:azure_bluet":1,"minecraft:small_amethyst_bud":1,"minecraft:brain_coral_block":3,"minecraft:spruce_slab":9,"minecraft:tripwire":1,"minecraft:gray_terracotta":1,"minecraft:amethyst_cluster":1,"minecraft:powder_snow":14,"minecraft:clay":18,"minecraft:torch":13,"minecraft:light_gray_terracotta":11,"minecraft:calcite":68,"minecraft:poppy":1,"minecraft:melon":5,"minecraft:chest":56,"minecraft:cobblestone":26,"minecraft:oak_planks":68,"minecraft:prismarine":19,"minecraft:wall_torch":2,"minecraft:amethyst_block":77,"minecraft:deepslate_copper_ore":8,"minecraft:birch_sapling":1,"minecraft:white_terracotta":15,"minecraft:blue_terracotta":5,"minecraft:dark_oak_slab":2,"minecraft:birch_log":103,"minecraft:wheat":274,"minecraft:blue_ice":5,"minecraft:birch_trapdoor":11,"minecraft:jukebox":3,"minecraft:pumpkin_stem":1,"minecraft:oak_log":94,"minecraft:dark_oak_sapling":2,"minecraft:sand":5,"minecraft:dirt":51,"minecraft:smooth_basalt":28,"minecraft:raw_copper_block":3,"minecraft:oak_leaves":12,"minecraft:deepslate":37,"minecraft:dark_prismarine":1,"minecraft:suspicious_gravel":29,"minecraft:deepslate_tiles":8,"minecraft:diamond_ore":1,"minecraft:tuff":21,"minecraft:deepslate_diamond_ore":3,"minecraft:dark_oak_log":49,"minecraft:ladder":2,"minecraft:decorated_pot":1,"minecraft:birch_slab":6,"minecraft:spruce_leaves":21,"minecraft:moss_block":79,"minecraft:rooted_dirt":19,"minecraft:deepslate_brick_slab":13,"minecraft:oak_trapdoor":4,"minecraft:spruce_sapling":1,"minecraft:carrots":16,"minecraft:raw_gold_block":5,"minecraft:snow":25,"minecraft:andesite":52,"minecraft:green_terracotta":5,"minecraft:deepslate_iron_ore":12,"minecraft:cobblestone_slab":5,"minecraft:rail":27,"minecraft:packed_ice":13,"minecraft:stone":136,"minecraft:podzol":7,"minecraft:oak_slab":31,"minecraft:snow_block":51,"minecraft:dandelion":7,"minecraft:oak_fence":1,"minecraft:crafting_table":6,"minecraft:short_grass":31,"minecraft:copper_ore":62,"minecraft:tall_grass":23,"minecraft:deepslate_coal_ore":6,"minecraft:lapis_ore":5,"minecraft:deepslate_gold_ore":12,"minecraft:diorite":66,"minecraft:prismarine_bricks":8,"minecraft:dead_fire_coral_block":1,"minecraft:birch_planks":133,"minecraft:sweet_berry_bush":2,"minecraft:ice":10,"minecraft:white_carpet":1,"minecraft:spruce_log":47,"minecraft:birch_leaves":2,"minecraft:coal_ore":22,"minecraft:gravel":4,"minecraft:dripstone_block":51,"minecraft:acacia_planks":6,"minecraft:gold_ore":12},"minecraft:killed":{"minecraft:witch":5,"minecraft:spider":82,"minecraft:skeleton":261,"minecraft:fox":4,"minecraft:chicken":10,"minecraft:wolf":6,"minecraft:zombie_villager":3,"minecraft:creeper":258,"minecraft:sheep":3,"minecraft:trader_llama":2,"minecraft:goat":3,"minecraft:zombie":251,"minecraft:mooshroom":13,"minecraft:cow":9,"minecraft:ocelot":1,"minecraft:rabbit":1,"minecraft:polar_bear":1,"minecraft:enderman":1},"minecraft:crafted":{"minecraft:oak_planks":428,"minecraft:cooked_chicken":3,"minecraft:wolf_armor":3,"minecraft:birch_slab":18,"minecraft:stone":3,"minecraft:cooked_mutton":4,"minecraft:deepslate_brick_stairs":2,"minecraft:cake":1,"minecraft:bow":5,"minecraft:iron_boots":1,"minecraft:raw_copper":9,"minecraft:melon_seeds":1,"minecraft:decorated_pot":8,"minecraft:copper_block":3,"minecraft:rail":16,"minecraft:stone_hoe":2,"minecraft:oak_fence":33,"minecraft:item_frame":1,"minecraft:oak_slab":216,"minecraft:wooden_shovel":1,"minecraft:crafting_table":5,"minecraft:spruce_planks":256,"minecraft:iron_helmet":1,"minecraft:wooden_pickaxe":1,"minecraft:brush":4,"minecraft:copper_ingot":71,"minecraft:birch_planks":412,"minecraft:spruce_trapdoor":24,"minecraft:dark_oak_slab":96,"minecraft:iron_chestplate":1,"minecraft:wooden_hoe":1,"minecraft:charcoal":4,"minecraft:stick":176,"minecraft:leather_chestplate":2,"minecraft:iron_ingot":72,"minecraft:iron_pickaxe":5,"minecraft:stone_sword":1,"minecraft:snow_block":7,"minecraft:gold_ingot":82,"minecraft:composter":1,"minecraft:shears":4,"minecraft:golden_carrot":15,"minecraft:raw_iron":9,"minecraft:stone_shovel":2,"minecraft:wind_charge":4,"minecraft:furnace":2,"minecraft:bone_meal":543,"minecraft:white_carpet":3,"minecraft:flint_and_steel":1,"minecraft:oak_trapdoor":16,"minecraft:terracotta":23,"minecraft:iron_axe":4,"minecraft:ladder":27,"minecraft:spruce_slab":12,"minecraft:stone_pickaxe":2,"minecraft:dark_oak_planks":72,"minecraft:minecart":1,"minecraft:cooked_beef":31,"minecraft:cooked_cod":3,"minecraft:iron_sword":4,"minecraft:bowl":16,"minecraft:bucket":5,"minecraft:stone_axe":4,"minecraft:bread":55,"minecraft:air":0,"minecraft:blue_dye":2,"minecraft:golden_apple":7,"minecraft:gold_nugget":126,"minecraft:raw_gold":45,"minecraft:birch_trapdoor":36,"minecraft:wooden_axe":4,"minecraft:iron_shovel":5,"minecraft:stonecutter":1,"minecraft:acacia_planks":20,"minecraft:torch":28,"minecraft:clay":33},"minecraft:broken":{"minecraft:stone_pickaxe":3,"minecraft:stone_axe":3,"minecraft:iron_sword":1,"minecraft:wooden_axe":1,"minecraft:brush":4,"minecraft:iron_axe":1,"minecraft:iron_pickaxe":1}},"DataVersion":3955}