{"stats":{"minecraft:custom":{"minecraft:interact_with_crafting_table":325,"minecraft:open_barrel":40,"minecraft:eat_cake_slice":2,"minecraft:leave_game":10,"minecraft:time_since_death":268969,"minecraft:play_time":1304751,"minecraft:deaths":36,"minecraft:jump":10884,"minecraft:interact_with_furnace":251,"minecraft:play_record":39,"minecraft:traded_with_villager":2891,"minecraft:sleep_in_bed":7,"minecraft:damage_dealt":91696,"minecraft:inspect_dispenser":5,"minecraft:horse_one_cm":5413,"minecraft:interact_with_anvil":24,"minecraft:inspect_hopper":25,"minecraft:sneak_time":182586,"minecraft:interact_with_blast_furnace":1,"minecraft:total_world_time":1304751,"minecraft:interact_with_stonecutter":9,"minecraft:time_since_rest":241477,"minecraft:swim_one_cm":97237,"minecraft:fly_one_cm":1910787,"minecraft:open_chest":1806,"minecraft:fall_one_cm":264631,"minecraft:animals_bred":84,"minecraft:sprint_one_cm":1769641,"minecraft:drop":1059,"minecraft:talked_to_villager":246,"minecraft:walk_on_water_one_cm":201855,"minecraft:player_kills":3,"minecraft:crouch_one_cm":872597,"minecraft:mob_kills":3496,"minecraft:damage_dealt_resisted":814,"minecraft:climb_one_cm":404501,"minecraft:walk_one_cm":2612234,"minecraft:walk_under_water_one_cm":65005,"minecraft:boat_one_cm":2762,"minecraft:interact_with_grindstone":6,"minecraft:damage_taken":29338,"minecraft:damage_absorbed":86},"minecraft:crafted":{"minecraft:smooth_stone":6,"minecraft:purple_bed":1,"minecraft:wolf_armor":3,"minecraft:birch_slab":18,"minecraft:diamond_shovel":2,"minecraft:bookshelf":16,"minecraft:cooked_mutton":4,"minecraft:deepslate_brick_stairs":2,"minecraft:glass":24,"minecraft:diamond_helmet":1,"minecraft:diamond_leggings":2,"minecraft:melon_seeds":1,"minecraft:decorated_pot":8,"minecraft:iron_door":3,"minecraft:target":1,"minecraft:wooden_shovel":1,"minecraft:emerald":3564,"minecraft:diamond_axe":8,"minecraft:spruce_door":3,"minecraft:smithing_table":1,"minecraft:copper_ingot":71,"minecraft:red_mushroom":4,"minecraft:fletching_table":1,"minecraft:hay_block":1,"minecraft:campfire":9,"minecraft:bamboo_planks":14,"minecraft:lectern":7,"minecraft:dark_oak_sapling":1,"minecraft:wooden_hoe":1,"minecraft:crafter":2,"minecraft:stone_slab":6,"minecraft:iron_pickaxe":17,"minecraft:iron_block":6,"minecraft:gold_ingot":82,"minecraft:sandstone":2,"minecraft:composter":2,"minecraft:golden_carrot":267,"minecraft:stone_shovel":5,"minecraft:wind_charge":4,"minecraft:bone_meal":1449,"minecraft:spruce_fence":9,"minecraft:white_carpet":3,"minecraft:terracotta":23,"minecraft:lantern":1,"minecraft:ladder":486,"minecraft:spruce_slab":2644,"minecraft:stone_pickaxe":3,"minecraft:diamond_boots":2,"minecraft:spruce_boat":3,"minecraft:dark_oak_planks":404,"minecraft:wheat":45,"minecraft:enchanted_book":26,"minecraft:orange_dye":15,"minecraft:golden_apple":7,"minecraft:birch_trapdoor":36,"minecraft:wooden_axe":4,"minecraft:iron_shovel":8,"minecraft:white_bed":23,"minecraft:grindstone":1,"minecraft:oak_planks":600,"minecraft:barrel":2,"minecraft:cooked_chicken":3,"minecraft:stone":12,"minecraft:red_sandstone":1,"minecraft:suspicious_stew":2,"minecraft:cake":1,"minecraft:hopper":16,"minecraft:bow":6,"minecraft:iron_boots":1,"minecraft:raw_copper":9,"minecraft:chest":45,"minecraft:copper_block":3,"minecraft:rail":16,"minecraft:stone_hoe":5,"minecraft:oak_fence":33,"minecraft:dropper":2,"minecraft:oak_slab":348,"minecraft:item_frame":1,"minecraft:crafting_table":16,"minecraft:spruce_planks":17876,"minecraft:iron_helmet":1,"minecraft:wooden_pickaxe":1,"minecraft:brush":4,"minecraft:birch_planks":420,"minecraft:dispenser":2,"minecraft:apple":80,"minecraft:spruce_trapdoor":44,"minecraft:dark_oak_slab":102,"minecraft:iron_chestplate":1,"minecraft:yellow_dye":12,"minecraft:emerald_block":175,"minecraft:diamond_pickaxe":4,"minecraft:charcoal":35,"minecraft:purple_dye":2,"minecraft:shield":1,"minecraft:stick":27923,"minecraft:iron_ingot":95,"minecraft:leather_chestplate":2,"minecraft:stone_sword":3,"minecraft:snow_block":7,"minecraft:redstone_torch":1,"minecraft:sponge":11,"minecraft:shears":28,"minecraft:cookie":180,"minecraft:raw_iron":18,"minecraft:tripwire_hook":6,"minecraft:spruce_button":1,"minecraft:furnace":4,"minecraft:blast_furnace":1,"minecraft:piston":1,"minecraft:dark_oak_trapdoor":2,"minecraft:oak_trapdoor":16,"minecraft:flint_and_steel":1,"minecraft:iron_axe":4,"minecraft:spruce_wood":102,"minecraft:minecart":1,"minecraft:cooked_beef":33,"minecraft:cooked_cod":3,"minecraft:diamond_sword":2,"minecraft:spruce_sign":9,"minecraft:brown_mushroom":31,"minecraft:iron_sword":4,"minecraft:bell":4,"minecraft:bowl":20,"minecraft:bucket":10,"minecraft:stone_axe":64,"minecraft:bread":1465,"minecraft:air":0,"minecraft:blue_dye":2,"minecraft:oak_boat":1,"minecraft:white_wool":2,"minecraft:gold_nugget":127,"minecraft:raw_gold":45,"minecraft:anvil":2,"minecraft:stonecutter":1,"minecraft:acacia_planks":24,"minecraft:torch":224,"minecraft:clay":33,"minecraft:diamond_chestplate":1},"minecraft:killed_by":{"minecraft:vindicator":3,"minecraft:zombie":7,"minecraft:wolf":1,"minecraft:stray":1,"minecraft:witch":7,"minecraft:player":7,"minecraft:spider":2,"minecraft:skeleton":5},"minecraft:broken":{"minecraft:iron_boots":1,"minecraft:iron_sword":1,"minecraft:leather_helmet":2,"minecraft:stone_sword":2,"minecraft:chainmail_helmet":1,"minecraft:brush":4,"minecraft:iron_axe":1,"minecraft:iron_pickaxe":1,"minecraft:iron_shovel":1,"minecraft:leather_leggings":2,"minecraft:stone_pickaxe":3,"minecraft:chainmail_chestplate":1,"minecraft:stone_axe":8,"minecraft:wooden_axe":1,"minecraft:diamond_axe":2},"minecraft:used":{"minecraft:moss_block":215,"minecraft:tuff_bricks":10,"minecraft:writable_book":11,"minecraft:chiseled_tuff":4,"minecraft:dispenser":8,"minecraft:spruce_slab":2879,"minecraft:ladder":318,"minecraft:chest":118,"minecraft:rotten_flesh":2,"minecraft:deepslate_brick_slab":196,"minecraft:snowball":85,"minecraft:spruce_boat":2,"minecraft:grass_block":58,"minecraft:birch_sapling":14,"minecraft:dark_oak_slab":94,"minecraft:bow":45,"minecraft:sweet_berries":2,"minecraft:oak_sapling":12,"minecraft:furnace":3,"minecraft:cooked_cod":3,"minecraft:egg":402,"minecraft:armadillo_spawn_egg":1,"minecraft:diorite":119,"minecraft:spruce_door":3,"minecraft:prismarine":6,"minecraft:leather_chestplate":3,"minecraft:wooden_pickaxe":4,"minecraft:composter":5,"minecraft:clay":11,"minecraft:oak_leaves":172,"minecraft:golden_apple":3,"minecraft:dark_oak_trapdoor":1,"minecraft:sand":6,"minecraft:blast_furnace":1,"minecraft:pumpkin_seeds":4,"minecraft:deepslate_brick_stairs":2,"minecraft:deepslate_tiles":5,"minecraft:red_sandstone":1,"minecraft:birch_slab":21,"minecraft:lectern":8,"minecraft:diamond_sword":921,"minecraft:wooden_sword":48,"minecraft:smithing_table":1,"minecraft:birch_log":1,"minecraft:ice":3,"minecraft:oak_boat":1,"minecraft:oak_trapdoor":18,"minecraft:stone_sword":298,"minecraft:acacia_log":1,"minecraft:carved_pumpkin":1,"minecraft:wither_skeleton_spawn_egg":1,"minecraft:trial_key":9,"minecraft:torch":146,"minecraft:anvil":2,"minecraft:target":1,"minecraft:chainmail_chestplate":1,"minecraft:glow_lichen":1,"minecraft:flowering_azalea":2,"minecraft:rooted_dirt":4,"minecraft:iron_axe":384,"minecraft:spruce_button":12,"minecraft:barrel":2,"minecraft:melon_seeds":1,"minecraft:smooth_basalt":31,"minecraft:bamboo":3,"minecraft:diamond_chestplate":4,"minecraft:tripwire_hook":410,"minecraft:orange_terracotta":2,"minecraft:cobbled_deepslate":61,"minecraft:acacia_planks":29,"minecraft:calcite":68,"minecraft:wheat_seeds":480,"minecraft:water_bucket":178,"minecraft:birch_planks":420,"minecraft:fletching_table":1,"minecraft:leather_boots":1,"minecraft:deepslate_bricks":73,"minecraft:mossy_cobblestone":4,"minecraft:rail":48,"minecraft:crafting_table":28,"minecraft:oak_slab":312,"minecraft:white_bed":25,"minecraft:campfire":9,"minecraft:spruce_log":43,"minecraft:cake":1,"minecraft:deepslate_tile_wall":8,"minecraft:oak_log":4,"minecraft:amethyst_cluster":2,"minecraft:diamond_pickaxe":2056,"minecraft:ominous_trial_key":1,"minecraft:diamond_shovel":259,"minecraft:wind_charge":6,"minecraft:iron_pickaxe":948,"minecraft:leather_helmet":2,"minecraft:suspicious_stew":2,"minecraft:spruce_trapdoor":41,"minecraft:spruce_sapling":224,"minecraft:cobblestone":206,"minecraft:purple_bed":1,"minecraft:jukebox":6,"minecraft:candle":5,"minecraft:diamond_leggings":4,"minecraft:blue_terracotta":2,"minecraft:iron_shovel":524,"minecraft:decorated_pot":8,"minecraft:white_terracotta":28,"minecraft:iron_sword":689,"minecraft:iron_chestplate":1,"minecraft:carrot":173,"minecraft:tuff":32,"minecraft:axolotl_bucket":1,"minecraft:milk_bucket":53,"minecraft:honey_bottle":2,"minecraft:glow_squid_spawn_egg":1,"minecraft:glass":22,"minecraft:waxed_oxidized_copper":9,"minecraft:spruce_wood":14,"minecraft:lantern":1,"minecraft:iron_helmet":4,"minecraft:item_frame":2,"minecraft:birch_trapdoor":38,"minecraft:dark_oak_sapling":17,"minecraft:diamond_boots":2,"minecraft:stone_pickaxe":346,"minecraft:oak_planks":433,"minecraft:sandstone":3,"minecraft:sugar_cane":9,"minecraft:diamond_axe":5058,"minecraft:yellow_terracotta":13,"minecraft:mushroom_stew":78,"minecraft:light_gray_terracotta":1,"minecraft:crossbow":12,"minecraft:sponge":14,"minecraft:dripstone_block":29,"minecraft:shears":204,"minecraft:polished_tuff":1,"minecraft:redstone_torch":5,"minecraft:melon_slice":4,"minecraft:string":3,"minecraft:bread":58,"minecraft:dark_oak_log":5,"minecraft:iron_door":2,"minecraft:grindstone":1,"minecraft:andesite":82,"minecraft:chain":6,"minecraft:tropical_fish_bucket":3,"minecraft:bone_meal":1246,"minecraft:oak_fence":29,"minecraft:azalea":2,"minecraft:flint_and_steel":2,"minecraft:tropical_fish":1,"minecraft:stone_shovel":260,"minecraft:redstone":6,"minecraft:spruce_planks":2453,"minecraft:stone_hoe":229,"minecraft:cooked_chicken":3,"minecraft:dirt":272,"minecraft:white_carpet":4,"minecraft:sheaf_pottery_sherd":2,"minecraft:hopper":25,"minecraft:diamond_helmet":2,"minecraft:granite":91,"minecraft:spruce_fence":9,"minecraft:dark_oak_planks":156,"minecraft:wooden_axe":67,"minecraft:bookshelf":9,"minecraft:iron_boots":3,"minecraft:golden_carrot":105,"minecraft:minecart":8,"minecraft:cooked_beef":33,"minecraft:powder_snow_bucket":1,"minecraft:pumpkin":7,"minecraft:cooked_mutton":4,"minecraft:amethyst_block":92,"minecraft:snow_block":2,"minecraft:copper_block":3,"minecraft:spruce_sign":11,"minecraft:stonecutter":1,"minecraft:terracotta":27,"minecraft:piston":12,"minecraft:gray_terracotta":9,"minecraft:wooden_hoe":1,"minecraft:apple":1,"minecraft:budding_amethyst":7,"minecraft:stone_axe":1368,"minecraft:bucket":178},"minecraft:picked_up":{"minecraft:wooden_axe":8,"minecraft:seagrass":5,"minecraft:iron_chestplate":2,"minecraft:chainmail_boots":3,"minecraft:prismarine_shard":8,"minecraft:diamond_sword":2,"minecraft:enchanted_book":6,"minecraft:amethyst_block":218,"minecraft:music_disc_cat":4,"minecraft:wayfinder_armor_trim_smithing_template":1,"minecraft:string":304,"minecraft:explorer_pottery_sherd":11,"minecraft:pufferfish":2,"minecraft:diamond_leggings":2,"minecraft:gold_nugget":5,"minecraft:cobbled_deepslate":228,"minecraft:spruce_planks":724,"minecraft:trial_key":5,"minecraft:melon_slice":251,"minecraft:mangrove_log":25,"minecraft:golden_helmet":6,"minecraft:sheaf_pottery_sherd":55,"minecraft:music_disc_blocks":7,"minecraft:jukebox":11,"minecraft:composter":4,"minecraft:big_dripleaf":3,"minecraft:acacia_log":22,"minecraft:waxed_weathered_copper_bulb":17,"minecraft:waxed_copper_grate":27,"minecraft:golden_chestplate":12,"minecraft:green_terracotta":7,"minecraft:black_dye":1,"minecraft:shaper_armor_trim_smithing_template":3,"minecraft:bamboo_block":67,"minecraft:stone_sword":4,"minecraft:honey_bottle":5,"minecraft:horn_coral_fan":2,"minecraft:tropical_fish":18,"minecraft:blue_dye":2,"minecraft:armadillo_scute":93,"minecraft:red_tulip":9,"minecraft:carved_pumpkin":33,"minecraft:cyan_terracotta":8,"minecraft:white_terracotta":97,"minecraft:host_armor_trim_smithing_template":4,"minecraft:snowball":326,"minecraft:sponge":15,"minecraft:birch_log":109,"minecraft:dune_armor_trim_smithing_template":1,"minecraft:feather":113,"minecraft:cooked_beef":16,"minecraft:birch_slab":8,"minecraft:water_bucket":2,"minecraft:jungle_log":13,"minecraft:powder_snow_bucket":1,"minecraft:flint":12,"minecraft:map":1,"minecraft:glow_squid_spawn_egg":2,"minecraft:disc_fragment_5":9,"minecraft:twisting_vines":2,"minecraft:hanging_roots":5,"minecraft:gray_terracotta":22,"minecraft:rabbit":23,"minecraft:diamond_helmet":3,"minecraft:glowstone_dust":10,"minecraft:moss_block":306,"minecraft:pitcher_pod":6,"minecraft:glow_lichen":12,"minecraft:lime_terracotta":12,"minecraft:stripped_spruce_log":4,"minecraft:dark_oak_log":147,"minecraft:red_terracotta":9,"minecraft:barrel":2,"minecraft:dispenser":6,"minecraft:blue_terracotta":17,"minecraft:writable_book":7,"minecraft:miner_pottery_sherd":18,"minecraft:dead_brain_coral_block":16,"minecraft:blue_ice":6,"minecraft:granite":152,"minecraft:mud":51,"minecraft:music_disc_precipice":5,"minecraft:chainmail_helmet":1,"minecraft:spruce_button":12,"minecraft:bread":289,"minecraft:cyan_dye":6,"minecraft:rooted_dirt":46,"minecraft:plenty_pottery_sherd":5,"minecraft:ominous_trial_key":2,"minecraft:crafting_table":20,"minecraft:diamond_pickaxe":3,"minecraft:music_disc_5":1,"minecraft:shelter_pottery_sherd":8,"minecraft:ominous_bottle":2,"minecraft:clay_ball":288,"minecraft:leather_leggings":13,"minecraft:music_disc_creator":15,"minecraft:dead_horn_coral_block":8,"minecraft:wind_charge":5,"minecraft:cornflower":2,"minecraft:flint_and_steel":2,"minecraft:white_carpet":1,"minecraft:iron_shovel":23,"minecraft:beef":52,"minecraft:chiseled_tuff":24,"minecraft:jungle_sapling":2,"minecraft:poppy":24,"minecraft:spruce_slab":721,"minecraft:minecart":10,"minecraft:chest":126,"minecraft:birch_sapling":25,"minecraft:piston":12,"minecraft:waxed_oxidized_copper":106,"minecraft:raw_copper_block":1,"minecraft:egg":478,"minecraft:sandstone":165,"minecraft:raw_gold_block":10,"minecraft:amethyst_cluster":11,"minecraft:spruce_fence":2,"minecraft:skull_pottery_sherd":16,"minecraft:carrot":736,"minecraft:redstone":336,"minecraft:prismarine_crystals":39,"minecraft:stone_shovel":3,"minecraft:diamond_chestplate":5,"minecraft:deepslate_bricks":41,"minecraft:shears":3,"minecraft:diamond_boots":2,"minecraft:hay_block":11,"minecraft:yellow_terracotta":28,"minecraft:gold_ingot":64,"minecraft:tuff_bricks":140,"minecraft:glow_berries":37,"minecraft:mutton":13,"minecraft:white_wool":78,"minecraft:rail":119,"minecraft:heartbreak_pottery_sherd":29,"minecraft:birch_leaves":7,"minecraft:mud_bricks":13,"minecraft:tripwire_hook":798,"minecraft:yellow_dye":8,"minecraft:red_mushroom":5,"minecraft:ochre_froglight":1,"minecraft:filled_map":6,"minecraft:packed_mud":5,"minecraft:oak_log":169,"minecraft:lily_pad":4,"minecraft:golden_boots":7,"minecraft:paper":44,"minecraft:apple":16,"minecraft:kelp":1,"minecraft:wild_armor_trim_smithing_template":1,"minecraft:creeper_spawn_egg":2,"minecraft:spore_blossom":5,"minecraft:music_disc_far":2,"minecraft:stone_pickaxe":23,"minecraft:cobweb":2,"minecraft:blade_pottery_sherd":7,"minecraft:glass_bottle":6,"minecraft:arms_up_pottery_sherd":11,"minecraft:iron_sword":15,"minecraft:flowering_azalea":20,"minecraft:milk_bucket":4,"minecraft:smooth_basalt":87,"minecraft:dark_oak_slab":42,"minecraft:sweet_berries":23,"minecraft:spyglass":2,"minecraft:torchflower_seeds":3,"minecraft:gravel":38,"minecraft:dead_fire_coral_block":19,"minecraft:prize_pottery_sherd":6,"minecraft:spruce_sapling":497,"minecraft:spruce_log":3891,"minecraft:sea_lantern":1,"minecraft:polished_tuff":26,"minecraft:leather_helmet":16,"minecraft:archer_pottery_sherd":13,"minecraft:brewer_pottery_sherd":3,"minecraft:slime_ball":13,"minecraft:stone_axe":12,"minecraft:tide_armor_trim_smithing_template":2,"minecraft:short_grass":4,"minecraft:diamond_axe":4,"minecraft:melon_seeds":3,"minecraft:hopper":9,"minecraft:ender_pearl":4,"minecraft:wheat":391,"minecraft:sentry_armor_trim_smithing_template":1,"minecraft:potion":2,"minecraft:dead_tube_coral_block":10,"minecraft:raw_copper":1322,"minecraft:experience_bottle":9,"minecraft:sea_pickle":4,"minecraft:deepslate_tiles":14,"minecraft:red_sand":95,"minecraft:smooth_stone":3,"minecraft:bucket":11,"minecraft:red_dye":2,"minecraft:redstone_torch":4,"minecraft:cobblestone_slab":18,"minecraft:calcite":202,"minecraft:azalea":35,"minecraft:wooden_shovel":9,"minecraft:iron_pickaxe":24,"minecraft:iron_boots":11,"minecraft:furnace":2,"minecraft:tipped_arrow":12,"minecraft:stick":5658,"minecraft:birch_trapdoor":18,"minecraft:brown_terracotta":15,"minecraft:oak_fence":22,"minecraft:torch":117,"minecraft:snow_block":9,"minecraft:porkchop":4,"minecraft:villager_spawn_egg":1,"minecraft:shulker_spawn_egg":1,"minecraft:pointed_dripstone":9,"minecraft:diorite":167,"minecraft:vine":2,"minecraft:cactus":15,"minecraft:rotten_flesh":1682,"minecraft:mangrove_roots":13,"minecraft:fire_coral_fan":2,"minecraft:cod":10,"minecraft:cobblestone":429,"minecraft:nautilus_shell":3,"minecraft:muddy_mangrove_roots":11,"minecraft:leather_chestplate":16,"minecraft:raiser_armor_trim_smithing_template":1,"minecraft:andesite":123,"minecraft:golden_leggings":11,"minecraft:potato":11,"minecraft:magenta_dye":2,"minecraft:tuff":80,"minecraft:light_gray_dye":1,"minecraft:prismarine_bricks":26,"minecraft:danger_pottery_sherd":22,"minecraft:lapis_lazuli":535,"minecraft:dirt":614,"minecraft:stripped_birch_log":2,"minecraft:leather_boots":6,"minecraft:bone":1411,"minecraft:acacia_planks":42,"minecraft:bow":101,"minecraft:wheat_seeds":2255,"minecraft:small_dripleaf":22,"minecraft:deepslate_brick_slab":44,"minecraft:raw_gold":110,"minecraft:cobbled_deepslate_slab":2,"minecraft:bolt_armor_trim_smithing_template":1,"minecraft:bamboo":12,"minecraft:prismarine":54,"minecraft:oak_planks":135,"minecraft:stone_hoe":4,"minecraft:brain_coral":1,"minecraft:music_disc_13":2,"minecraft:axolotl_bucket":3,"minecraft:waxed_chiseled_copper":8,"minecraft:sand":236,"minecraft:dead_bush":10,"minecraft:grass_block":95,"minecraft:mossy_cobblestone":78,"minecraft:dark_prismarine":24,"minecraft:light_gray_terracotta":11,"minecraft:sugar":14,"minecraft:clay":3,"minecraft:diamond":50,"minecraft:spruce_boat":4,"minecraft:waxed_oxidized_copper_grate":16,"minecraft:crossbow":1,"minecraft:breeze_rod":4,"minecraft:bone_meal":122,"minecraft:golden_apple":31,"minecraft:spruce_sign":2,"minecraft:emerald":215,"minecraft:oak_sapling":27,"minecraft:oak_leaves":177,"minecraft:cocoa_beans":2,"minecraft:charcoal":22,"minecraft:waxed_oxidized_cut_copper":30,"minecraft:allium":2,"minecraft:azure_bluet":2,"minecraft:chicken":82,"minecraft:ladder":72,"minecraft:brown_mushroom":99,"minecraft:wooden_pickaxe":8,"minecraft:chain":6,"minecraft:brick":48,"minecraft:oak_trapdoor":7,"minecraft:moss_carpet":32,"minecraft:iron_axe":22,"minecraft:wooden_sword":14,"minecraft:item_frame":1,"minecraft:candle":26,"minecraft:oak_boat":1,"minecraft:lectern":2,"minecraft:sugar_cane":9,"minecraft:spruce_trapdoor":3,"minecraft:phantom_membrane":1,"minecraft:dark_oak_sapling":22,"minecraft:raw_iron":174,"minecraft:copper_ingot":81,"minecraft:music_disc_relic":3,"minecraft:squid_spawn_egg":1,"minecraft:bowl":5,"minecraft:music_disc_11":2,"minecraft:trident":2,"minecraft:friend_pottery_sherd":10,"minecraft:dark_oak_planks":56,"minecraft:howl_pottery_sherd":35,"minecraft:arrow":1808,"minecraft:turtle_spawn_egg":1,"minecraft:wet_sponge":14,"minecraft:glow_ink_sac":3,"minecraft:golden_carrot":152,"minecraft:burn_pottery_sherd":17,"minecraft:salmon":5,"minecraft:leather":82,"minecraft:music_disc_stal":10,"minecraft:birch_planks":190,"minecraft:wolf_armor":1,"minecraft:ice":6,"minecraft:mushroom_stew":15,"minecraft:crimson_fungus":1,"minecraft:chainmail_chestplate":2,"minecraft:waxed_copper_block":51,"minecraft:gunpowder":1671,"minecraft:heart_pottery_sherd":14,"minecraft:orange_terracotta":39,"minecraft:cooked_mutton":1,"minecraft:podzol":1,"minecraft:coast_armor_trim_smithing_template":2,"minecraft:red_sandstone":162,"minecraft:rabbit_hide":11,"minecraft:iron_ingot":109,"minecraft:cooked_chicken":1,"minecraft:acacia_sapling":1,"minecraft:music_disc_chirp":5,"minecraft:book":40,"minecraft:tropical_fish_bucket":1,"minecraft:oak_slab":52,"minecraft:emerald_block":30,"minecraft:pumpkin":22,"minecraft:budding_amethyst":6,"minecraft:dandelion":10,"minecraft:dripstone_block":115,"minecraft:raw_iron_block":3,"minecraft:amethyst_shard":36,"minecraft:white_bed":4,"minecraft:spruce_door":1,"minecraft:spider_eye":76,"minecraft:music_disc_mall":7,"minecraft:pumpkin_seeds":87,"minecraft:dried_kelp_block":8,"minecraft:chainmail_leggings":2,"minecraft:dead_bubble_coral_block":9,"minecraft:iron_helmet":11,"minecraft:terracotta":37,"minecraft:coal":196,"minecraft:chiseled_tuff_bricks":70},"minecraft:killed":{"minecraft:pufferfish":1,"minecraft:skeleton":1062,"minecraft:fox":9,"minecraft:chicken":55,"minecraft:parrot":3,"minecraft:iron_golem":15,"minecraft:pillager":7,"minecraft:goat":3,"minecraft:donkey":3,"minecraft:zombie":993,"minecraft:cow":10,"minecraft:vindicator":5,"minecraft:horse":3,"minecraft:ocelot":1,"minecraft:husk":18,"minecraft:rabbit":1,"minecraft:wandering_trader":1,"minecraft:frog":1,"minecraft:polar_bear":1,"minecraft:enderman":1,"minecraft:witch":26,"minecraft:spider":102,"minecraft:turtle":4,"minecraft:camel":2,"minecraft:wolf":14,"minecraft:pig":2,"minecraft:zombie_villager":26,"minecraft:creeper":1002,"minecraft:sheep":7,"minecraft:trader_llama":2,"minecraft:mooshroom":15,"minecraft:armadillo":1,"minecraft:vex":13,"minecraft:bogged":8,"minecraft:slime":14,"minecraft:phantom":6,"minecraft:drowned":3,"minecraft:wither_skeleton":1},"minecraft:dropped":{"minecraft:iron_sword":4,"minecraft:lapis_lazuli":62,"minecraft:spore_blossom":1,"minecraft:red_sandstone":12,"minecraft:dark_oak_slab":2,"minecraft:cookie":126,"minecraft:glow_berries":3,"minecraft:sheaf_pottery_sherd":12,"minecraft:archer_pottery_sherd":3,"minecraft:rail":2,"minecraft:leather_helmet":4,"minecraft:emerald":122,"minecraft:dirt":157,"minecraft:dark_oak_trapdoor":1,"minecraft:gold_nugget":1,"minecraft:writable_book":2,"minecraft:wooden_sword":1,"minecraft:bone_meal":1,"minecraft:phantom_membrane":1,"minecraft:sand":7,"minecraft:sugar":1,"minecraft:iron_pickaxe":2,"minecraft:white_wool":4,"minecraft:bone":305,"minecraft:stone_axe":12,"minecraft:emerald_block":30,"minecraft:golden_chestplate":3,"minecraft:cobbled_deepslate":3,"minecraft:wheat":5,"minecraft:birch_sapling":11,"minecraft:rotten_flesh":387,"minecraft:oak_planks":5,"minecraft:glowstone_dust":1,"minecraft:white_bed":1,"minecraft:dead_fire_coral_block":15,"minecraft:salmon":1,"minecraft:waxed_copper_block":23,"minecraft:wind_charge":2,"minecraft:leather_boots":1,"minecraft:ladder":3,"minecraft:leather_leggings":3,"minecraft:spruce_slab":3,"minecraft:chiseled_tuff":17,"minecraft:beef":6,"minecraft:dead_tube_coral_block":10,"minecraft:egg":48,"minecraft:iron_ingot":20,"minecraft:enchanted_book":2,"minecraft:golden_boots":4,"minecraft:shelter_pottery_sherd":8,"minecraft:wheat_seeds":48,"minecraft:dripstone_block":1,"minecraft:yellow_terracotta":4,"minecraft:feather":22,"minecraft:cobblestone":14,"minecraft:prismarine_crystals":23,"minecraft:waxed_copper_grate":16,"minecraft:apple":80,"minecraft:granite":12,"minecraft:explorer_pottery_sherd":8,"minecraft:burn_pottery_sherd":5,"minecraft:spruce_door":1,"minecraft:bamboo_block":1,"minecraft:coal":20,"minecraft:mushroom_stew":4,"minecraft:pufferfish":2,"minecraft:golden_carrot":34,"minecraft:sponge":6,"minecraft:wooden_hoe":1,"minecraft:waxed_weathered_copper_bulb":16,"minecraft:wooden_axe":2,"minecraft:armadillo_scute":33,"minecraft:iron_shovel":1,"minecraft:paper":10,"minecraft:string":22,"minecraft:acacia_planks":2,"minecraft:spruce_sapling":120,"minecraft:snow_block":2,"minecraft:moss_carpet":7,"minecraft:stone_sword":1,"minecraft:bowl":4,"minecraft:stone_shovel":1,"minecraft:chicken":7,"minecraft:clay_ball":56,"minecraft:stone_slab":5,"minecraft:white_terracotta":3,"minecraft:spruce_fence":2,"minecraft:shears":7,"minecraft:wolf_armor":1,"minecraft:potato":1,"minecraft:spruce_boat":1,"minecraft:sea_pickle":2,"minecraft:allium":2,"minecraft:spruce_trapdoor":2,"minecraft:spruce_planks":348,"minecraft:howl_pottery_sherd":20,"minecraft:diamond_pickaxe":2,"minecraft:wooden_shovel":1,"minecraft:spider_eye":5,"minecraft:barrel":1,"minecraft:sandstone":22,"minecraft:red_sand":6,"minecraft:bow":19,"minecraft:dark_prismarine":9,"minecraft:moss_block":7,"minecraft:birch_planks":2,"minecraft:diamond_axe":2,"minecraft:oak_log":18,"minecraft:lime_terracotta":8,"minecraft:tide_armor_trim_smithing_template":2,"minecraft:leather":2,"minecraft:host_armor_trim_smithing_template":1,"minecraft:cod":5,"minecraft:flint":1,"minecraft:music_disc_13":1,"minecraft:cyan_terracotta":7,"minecraft:dark_oak_log":5,"minecraft:seagrass":3,"minecraft:coast_armor_trim_smithing_template":1,"minecraft:music_disc_precipice":1,"minecraft:snowball":32,"minecraft:birch_log":33,"minecraft:gravel":2,"minecraft:crimson_fungus":1,"minecraft:chiseled_tuff_bricks":34,"minecraft:pointed_dripstone":2,"minecraft:prismarine":13,"minecraft:carrot":362,"minecraft:poppy":2165,"minecraft:rabbit_hide":2,"minecraft:leather_chestplate":2,"minecraft:trident":1,"minecraft:gunpowder":352,"minecraft:birch_trapdoor":1,"minecraft:horn_coral_fan":2,"minecraft:azalea":17,"minecraft:chest":4,"minecraft:arrow":188,"minecraft:prismarine_bricks":13,"minecraft:stone_hoe":1,"minecraft:bread":1490,"minecraft:oak_slab":72,"minecraft:mossy_cobblestone":2,"minecraft:plenty_pottery_sherd":5,"minecraft:prismarine_shard":6,"minecraft:polished_tuff":14,"minecraft:amethyst_block":16,"minecraft:ominous_trial_key":1,"minecraft:dead_horn_coral_block":5,"minecraft:tropical_fish":1,"minecraft:acacia_log":10,"minecraft:stick":6533,"minecraft:diorite":6,"minecraft:torch":14,"minecraft:iron_door":1,"minecraft:waxed_oxidized_copper":24,"minecraft:flowering_azalea":10,"minecraft:iron_axe":4,"minecraft:bucket":6,"minecraft:music_disc_cat":1,"minecraft:dandelion":6,"minecraft:smooth_basalt":2,"minecraft:redstone":24,"minecraft:blue_terracotta":9,"minecraft:kelp":1,"minecraft:tuff_bricks":98,"minecraft:raw_copper":56,"minecraft:tuff":9,"minecraft:raw_iron":26,"minecraft:dead_bubble_coral_block":4,"minecraft:filled_map":1,"minecraft:trial_key":4,"minecraft:diamond_chestplate":2,"minecraft:orange_terracotta":9,"minecraft:andesite":7,"minecraft:golden_leggings":3,"minecraft:oak_sapling":5,"minecraft:waxed_oxidized_cut_copper":16,"minecraft:brain_coral":1,"minecraft:spruce_log":170,"minecraft:waxed_chiseled_copper":4,"minecraft:stone_pickaxe":3,"minecraft:nautilus_shell":3,"minecraft:dead_brain_coral_block":6,"minecraft:calcite":42,"minecraft:heartbreak_pottery_sherd":3,"minecraft:waxed_oxidized_copper_grate":11,"minecraft:amethyst_cluster":1,"minecraft:brick":20},"minecraft:mined":{"minecraft:dark_oak_planks":60,"minecraft:white_bed":4,"minecraft:carved_pumpkin":7,"minecraft:granite":101,"minecraft:red_sand":90,"minecraft:acacia_log":21,"minecraft:jungle_log":11,"minecraft:deepslate_bricks":24,"minecraft:bubble_coral_block":7,"minecraft:chiseled_tuff_bricks":51,"minecraft:tube_coral_block":5,"minecraft:bamboo_block":61,"minecraft:hopper":9,"minecraft:barrel":2,"minecraft:cobbled_deepslate":70,"minecraft:fire":21,"minecraft:moss_carpet":4,"minecraft:pumpkin":5,"minecraft:deepslate_lapis_ore":26,"minecraft:small_amethyst_bud":1,"minecraft:tripwire":3,"minecraft:amethyst_cluster":1,"minecraft:powder_snow":14,"minecraft:torch":31,"minecraft:melon":6,"minecraft:spruce_wall_sign":2,"minecraft:glass":1,"minecraft:sugar_cane":4,"minecraft:amethyst_block":161,"minecraft:birch_sapling":1,"minecraft:white_terracotta":61,"minecraft:chain":2,"minecraft:mud":51,"minecraft:wheat":386,"minecraft:jukebox":4,"minecraft:waxed_copper_block":40,"minecraft:pumpkin_stem":1,"minecraft:dark_oak_sapling":2,"minecraft:mangrove_log":25,"minecraft:smooth_basalt":50,"minecraft:stonecutter":1,"minecraft:piston":12,"minecraft:yellow_terracotta":28,"minecraft:deepslate":103,"minecraft:suspicious_gravel":100,"minecraft:dark_prismarine":24,"minecraft:deepslate_tiles":8,"minecraft:mossy_cobblestone":54,"minecraft:dark_oak_log":143,"minecraft:sea_lantern":18,"minecraft:cobbled_deepslate_slab":2,"minecraft:spruce_fence":2,"minecraft:redstone_wire":2,"minecraft:moss_block":225,"minecraft:redstone_ore":20,"minecraft:waxed_oxidized_cut_copper":24,"minecraft:packed_mud":5,"minecraft:waxed_copper_grate":19,"minecraft:red_sandstone":80,"minecraft:snow":25,"minecraft:andesite":79,"minecraft:suspicious_sand":50,"minecraft:green_terracotta":9,"minecraft:chiseled_tuff":18,"minecraft:cobblestone_slab":5,"minecraft:rail":36,"minecraft:waxed_weathered_copper_bulb":12,"minecraft:fire_coral_block":11,"minecraft:oak_slab":55,"minecraft:dandelion":7,"minecraft:short_grass":82,"minecraft:emerald_ore":24,"minecraft:sponge":12,"minecraft:copper_ore":118,"minecraft:tall_grass":35,"minecraft:dried_kelp_block":7,"minecraft:deepslate_gold_ore":34,"minecraft:diorite":105,"minecraft:red_terracotta":9,"minecraft:white_carpet":1,"minecraft:spruce_log":3542,"minecraft:birch_leaves":9,"minecraft:gravel":19,"minecraft:dripstone_block":83,"minecraft:brown_terracotta":15,"minecraft:acacia_planks":15,"minecraft:gold_ore":28,"minecraft:deepslate_emerald_ore":7,"minecraft:spruce_planks":745,"minecraft:oak_sapling":2,"minecraft:farmland":2,"minecraft:spruce_trapdoor":4,"minecraft:budding_amethyst":28,"minecraft:grass_block":204,"minecraft:dead_tube_coral_block":1,"minecraft:mud_bricks":13,"minecraft:composter":4,"minecraft:tuff_bricks":109,"minecraft:raw_iron_block":2,"minecraft:iron_ore":84,"minecraft:polished_tuff":21,"minecraft:azure_bluet":1,"minecraft:azalea_leaves":6,"minecraft:azalea":10,"minecraft:brain_coral_block":14,"minecraft:spruce_slab":999,"minecraft:deepslate_redstone_ore":9,"minecraft:gray_terracotta":4,"minecraft:cyan_terracotta":8,"minecraft:dead_bubble_coral_block":2,"minecraft:orange_terracotta":20,"minecraft:clay":43,"minecraft:light_gray_terracotta":11,"minecraft:calcite":143,"minecraft:poppy":1,"minecraft:chest":93,"minecraft:cobblestone":109,"minecraft:oak_planks":146,"minecraft:prismarine":55,"minecraft:waxed_chiseled_copper":6,"minecraft:wall_torch":3,"minecraft:deepslate_copper_ore":57,"minecraft:seagrass":1,"minecraft:blue_terracotta":13,"minecraft:dark_oak_slab":8,"minecraft:birch_trapdoor":11,"minecraft:birch_log":105,"minecraft:blue_ice":5,"minecraft:oak_log":169,"minecraft:waxed_oxidized_copper":80,"minecraft:lime_terracotta":11,"minecraft:sand":165,"minecraft:dirt":111,"minecraft:tripwire_hook":400,"minecraft:raw_copper_block":3,"minecraft:dispenser":6,"minecraft:oak_leaves":226,"minecraft:horn_coral_block":7,"minecraft:diamond_ore":12,"minecraft:tuff":49,"minecraft:deepslate_diamond_ore":12,"minecraft:mangrove_roots":13,"minecraft:ladder":25,"minecraft:decorated_pot":17,"minecraft:birch_slab":11,"minecraft:spruce_leaves":42,"minecraft:sandstone":130,"minecraft:rooted_dirt":20,"minecraft:hay_block":11,"minecraft:vault":3,"minecraft:deepslate_brick_slab":22,"minecraft:oak_trapdoor":4,"minecraft:spruce_sapling":3,"minecraft:furnace":1,"minecraft:carrots":165,"minecraft:raw_gold_block":5,"minecraft:stripped_spruce_log":2,"minecraft:dead_horn_coral_block":1,"minecraft:bookshelf":9,"minecraft:deepslate_iron_ore":49,"minecraft:trial_spawner":1,"minecraft:packed_ice":17,"minecraft:wet_sponge":14,"minecraft:stone":197,"minecraft:redstone_wall_torch":3,"minecraft:podzol":212,"minecraft:flowering_azalea":10,"minecraft:snow_block":53,"minecraft:spruce_door":1,"minecraft:oak_fence":2,"minecraft:crafting_table":13,"minecraft:lectern":2,"minecraft:deepslate_coal_ore":34,"minecraft:lapis_ore":25,"minecraft:prismarine_bricks":26,"minecraft:dead_fire_coral_block":2,"minecraft:birch_planks":136,"minecraft:waxed_oxidized_copper_grate":10,"minecraft:redstone_torch":1,"minecraft:sweet_berry_bush":3,"minecraft:ice":10,"minecraft:muddy_mangrove_roots":10,"minecraft:dead_brain_coral_block":1,"minecraft:coal_ore":63,"minecraft:terracotta":21}},"DataVersion":3955}