{"stats":{"minecraft:killed":{"minecraft:cod":4,"minecraft:shulker":1,"minecraft:pufferfish":1,"minecraft:skeleton":1341,"minecraft:fox":9,"minecraft:chicken":55,"minecraft:magma_cube":231,"minecraft:parrot":3,"minecraft:iron_golem":39,"minecraft:pillager":7,"minecraft:goat":3,"minecraft:donkey":3,"minecraft:zombie":1289,"minecraft:cow":10,"minecraft:vindicator":5,"minecraft:horse":3,"minecraft:ocelot":1,"minecraft:husk":18,"minecraft:rabbit":1,"minecraft:wandering_trader":1,"minecraft:frog":2,"minecraft:polar_bear":1,"minecraft:enderman":1,"minecraft:zombified_piglin":383,"minecraft:witch":32,"minecraft:spider":114,"minecraft:bee":6,"minecraft:turtle":4,"minecraft:camel":2,"minecraft:piglin_brute":26,"minecraft:wolf":15,"minecraft:piglin":39,"minecraft:pig":2,"minecraft:zombie_villager":41,"minecraft:strider":3,"minecraft:creeper":1354,"minecraft:sheep":8,"minecraft:trader_llama":6,"minecraft:mooshroom":15,"minecraft:ghast":48,"minecraft:blaze":24,"minecraft:armadillo":1,"minecraft:vex":13,"minecraft:bogged":27,"minecraft:slime":104,"minecraft:phantom":20,"minecraft:panda":1,"minecraft:llama":1,"minecraft:drowned":3,"minecraft:bat":1,"minecraft:hoglin":14,"minecraft:wither_skeleton":41},"minecraft:broken":{"minecraft:shears":4,"minecraft:iron_boots":1,"minecraft:iron_sword":1,"minecraft:bow":2,"minecraft:leather_helmet":2,"minecraft:stone_sword":2,"minecraft:chainmail_helmet":1,"minecraft:brush":4,"minecraft:iron_axe":1,"minecraft:iron_pickaxe":1,"minecraft:wooden_hoe":1,"minecraft:iron_shovel":1,"minecraft:leather_leggings":2,"minecraft:stone_pickaxe":3,"minecraft:chainmail_chestplate":1,"minecraft:stone_axe":8,"minecraft:wooden_axe":1,"minecraft:diamond_axe":2},"minecraft:used":{"minecraft:moss_block":239,"minecraft:tuff_bricks":29,"minecraft:writable_book":11,"minecraft:chiseled_tuff":4,"minecraft:dispenser":10,"minecraft:spruce_slab":7406,"minecraft:ladder":388,"minecraft:rotten_flesh":2,"minecraft:chest":212,"minecraft:stone":59,"minecraft:snowball":85,"minecraft:crafter":1,"minecraft:stripped_spruce_log":2,"minecraft:deepslate_brick_slab":197,"minecraft:spruce_boat":2,"minecraft:lava_bucket":21,"minecraft:grass_block":61,"minecraft:birch_sapling":14,"minecraft:quartz_block":12,"minecraft:dark_oak_slab":94,"minecraft:netherite_boots":1,"minecraft:bow":579,"minecraft:sweet_berries":2,"minecraft:furnace":22,"minecraft:oak_sapling":12,"minecraft:cooked_cod":3,"minecraft:egg":415,"minecraft:damaged_anvil":1,"minecraft:armadillo_spawn_egg":1,"minecraft:diorite":119,"minecraft:spruce_door":4,"minecraft:prismarine":6,"minecraft:blackstone":49,"minecraft:leather_chestplate":3,"minecraft:wooden_pickaxe":4,"minecraft:composter":10,"minecraft:clay":11,"minecraft:oak_leaves":172,"minecraft:dark_oak_trapdoor":1,"minecraft:golden_apple":4,"minecraft:sand":6,"minecraft:blast_furnace":2,"minecraft:netherite_helmet":1,"minecraft:pumpkin_seeds":4,"minecraft:deepslate_brick_stairs":2,"minecraft:deepslate_tiles":17,"minecraft:red_sandstone":1,"minecraft:crying_obsidian":5,"minecraft:birch_slab":21,"minecraft:lectern":25,"minecraft:flowering_azalea_leaves":23,"minecraft:fire_charge":1,"minecraft:wooden_sword":48,"minecraft:nether_wart_block":1,"minecraft:diamond_sword":1939,"minecraft:oak_trapdoor":18,"minecraft:oak_boat":1,"minecraft:smithing_table":2,"minecraft:birch_log":1,"minecraft:ice":3,"minecraft:stone_sword":298,"minecraft:acacia_log":1,"minecraft:carved_pumpkin":1,"minecraft:wither_skeleton_spawn_egg":1,"minecraft:trial_key":15,"minecraft:torch":273,"minecraft:netherrack":2575,"minecraft:anvil":21,"minecraft:brewing_stand":3,"minecraft:target":1,"minecraft:chainmail_chestplate":1,"minecraft:cod_bucket":4,"minecraft:glow_lichen":1,"minecraft:shroomlight":3,"minecraft:flowering_azalea":3,"minecraft:rooted_dirt":4,"minecraft:iron_axe":384,"minecraft:spruce_button":12,"minecraft:barrel":9,"minecraft:melon_seeds":1,"minecraft:smooth_basalt":142,"minecraft:bamboo":3,"minecraft:diamond_chestplate":5,"minecraft:tripwire_hook":412,"minecraft:basalt":42,"minecraft:podzol":119,"minecraft:orange_terracotta":2,"minecraft:cobbled_deepslate":61,"minecraft:acacia_planks":38,"minecraft:cherry_log":1,"minecraft:observer":72,"minecraft:pointed_dripstone":7,"minecraft:calcite":68,"minecraft:wheat_seeds":504,"minecraft:water_bucket":240,"minecraft:birch_planks":420,"minecraft:cauldron":7,"minecraft:leather_boots":1,"minecraft:fletching_table":3,"minecraft:spruce_fence_gate":3,"minecraft:deepslate_bricks":98,"minecraft:polished_blackstone_bricks":2,"minecraft:mossy_cobblestone":4,"minecraft:rail":48,"minecraft:crafting_table":39,"minecraft:white_bed":55,"minecraft:oak_slab":312,"minecraft:campfire":9,"minecraft:spruce_log":943,"minecraft:cake":1,"minecraft:deepslate_tile_wall":8,"minecraft:oak_log":4,"minecraft:amethyst_cluster":2,"minecraft:mud":6,"minecraft:diamond_pickaxe":7450,"minecraft:ominous_trial_key":3,"minecraft:diamond_shovel":1264,"minecraft:wind_charge":6,"minecraft:spruce_pressure_plate":2,"minecraft:iron_pickaxe":948,"minecraft:leather_helmet":2,"minecraft:suspicious_stew":4,"minecraft:spruce_sapling":430,"minecraft:spruce_trapdoor":49,"minecraft:cobblestone":349,"minecraft:azalea_leaves":74,"minecraft:potion":9,"minecraft:purple_bed":1,"minecraft:diamond_leggings":6,"minecraft:candle":5,"minecraft:jukebox":6,"minecraft:moss_carpet":1,"minecraft:blue_terracotta":2,"minecraft:iron_shovel":548,"minecraft:diamond_hoe":52,"minecraft:decorated_pot":8,"minecraft:white_terracotta":28,"minecraft:iron_sword":689,"minecraft:iron_chestplate":1,"minecraft:spruce_leaves":1209,"minecraft:nether_bricks":10,"minecraft:carrot":173,"minecraft:axolotl_bucket":1,"minecraft:tuff":32,"minecraft:obsidian":10,"minecraft:milk_bucket":53,"minecraft:honey_bottle":2,"minecraft:glow_squid_spawn_egg":1,"minecraft:glass":676,"minecraft:waxed_oxidized_copper":9,"minecraft:spruce_wood":1124,"minecraft:lantern":5,"minecraft:iron_helmet":4,"minecraft:item_frame":2,"minecraft:birch_trapdoor":38,"minecraft:repeater":2,"minecraft:magma_block":5,"minecraft:dark_oak_sapling":17,"minecraft:diamond_boots":6,"minecraft:stone_pickaxe":346,"minecraft:oak_planks":443,"minecraft:ender_pearl":2,"minecraft:sandstone":3,"minecraft:sugar_cane":113,"minecraft:diamond_axe":10953,"minecraft:sponge":14,"minecraft:yellow_terracotta":13,"minecraft:crossbow":21,"minecraft:mushroom_stew":78,"minecraft:light_gray_terracotta":1,"minecraft:shulker_spawn_egg":1,"minecraft:dripstone_block":29,"minecraft:shears":1536,"minecraft:melon_slice":4,"minecraft:creeper_spawn_egg":1,"minecraft:polished_tuff":1,"minecraft:redstone_torch":10,"minecraft:bread":58,"minecraft:lever":1,"minecraft:firework_rocket":1,"minecraft:dark_oak_log":5,"minecraft:string":4,"minecraft:iron_door":2,"minecraft:netherite_sword":181,"minecraft:andesite":82,"minecraft:oak_fence":29,"minecraft:chain":6,"minecraft:grindstone":2,"minecraft:bone_meal":1480,"minecraft:air":6,"minecraft:tropical_fish_bucket":3,"minecraft:azalea":2,"minecraft:experience_bottle":1166,"minecraft:flint_and_steel":3,"minecraft:tropical_fish":1,"minecraft:stone_shovel":260,"minecraft:redstone":85,"minecraft:spruce_planks":4274,"minecraft:stone_hoe":229,"minecraft:cooked_chicken":3,"minecraft:dirt":370,"minecraft:white_carpet":4,"minecraft:hopper":58,"minecraft:sheaf_pottery_sherd":2,"minecraft:diamond_helmet":5,"minecraft:spruce_fence":9,"minecraft:granite":91,"minecraft:dark_oak_planks":156,"minecraft:wooden_axe":67,"minecraft:bookshelf":87,"minecraft:iron_boots":3,"minecraft:golden_carrot":271,"minecraft:emerald_block":9,"minecraft:minecart":8,"minecraft:netherite_pickaxe":10833,"minecraft:cooked_beef":33,"minecraft:pumpkin":7,"minecraft:powder_snow_bucket":1,"minecraft:cooked_mutton":4,"minecraft:amethyst_block":94,"minecraft:cobblestone_stairs":1,"minecraft:snow_block":2,"minecraft:netherite_chestplate":1,"minecraft:glass_bottle":25,"minecraft:copper_block":3,"minecraft:spruce_sign":31,"minecraft:stonecutter":2,"minecraft:waxed_copper_block":15,"minecraft:terracotta":27,"minecraft:piston":122,"minecraft:gray_terracotta":9,"minecraft:wooden_hoe":82,"minecraft:apple":1,"minecraft:budding_amethyst":7,"minecraft:stone_axe":1368,"minecraft:bucket":260,"minecraft:splash_potion":10},"minecraft:killed_by":{"minecraft:vindicator":3,"minecraft:zombie":7,"minecraft:wolf":1,"minecraft:stray":1,"minecraft:witch":7,"minecraft:player":7,"minecraft:spider":2,"minecraft:skeleton":5},"minecraft:mined":{"minecraft:dark_oak_planks":82,"minecraft:white_bed":7,"minecraft:cherry_log":33,"minecraft:red_nether_bricks":42,"minecraft:obsidian":10,"minecraft:acacia_log":22,"minecraft:carved_pumpkin":7,"minecraft:granite":102,"minecraft:red_sand":91,"minecraft:jungle_log":14,"minecraft:deepslate_bricks":34,"minecraft:bubble_coral_block":7,"minecraft:bamboo_block":66,"minecraft:nether_wart":7,"minecraft:chiseled_tuff_bricks":94,"minecraft:tube_coral_block":5,"minecraft:hopper":14,"minecraft:spawner":2,"minecraft:weeping_vines_plant":1,"minecraft:polished_blackstone_bricks":31,"minecraft:magma_block":47,"minecraft:cobbled_deepslate":80,"minecraft:barrel":7,"minecraft:fire":450,"minecraft:moss_carpet":6,"minecraft:pumpkin":5,"minecraft:deepslate_lapis_ore":32,"minecraft:fletching_table":2,"minecraft:nether_brick_stairs":1,"minecraft:small_amethyst_bud":1,"minecraft:spruce_pressure_plate":2,"minecraft:spruce_wood":150,"minecraft:tripwire":4,"minecraft:crimson_nylium":72,"minecraft:soul_fire":4,"minecraft:amethyst_cluster":1,"minecraft:powder_snow":14,"minecraft:torch":49,"minecraft:blast_furnace":1,"minecraft:melon":6,"minecraft:spruce_wall_sign":10,"minecraft:glass":46,"minecraft:sugar_cane":79,"minecraft:bamboo_mosaic":2,"minecraft:damaged_anvil":1,"minecraft:amethyst_block":205,"minecraft:birch_sapling":1,"minecraft:white_terracotta":61,"minecraft:chain":2,"minecraft:repeater":2,"minecraft:verdant_froglight":1,"minecraft:mud":101,"minecraft:wheat":397,"minecraft:jukebox":4,"minecraft:waxed_copper_block":101,"minecraft:pumpkin_stem":1,"minecraft:dark_oak_sapling":2,"minecraft:mangrove_log":33,"minecraft:smooth_basalt":60,"minecraft:deepslate":158,"minecraft:stonecutter":2,"minecraft:piston":14,"minecraft:yellow_terracotta":37,"minecraft:suspicious_gravel":110,"minecraft:dark_prismarine":26,"minecraft:deepslate_tiles":11,"minecraft:mossy_cobblestone":60,"minecraft:dark_oak_log":143,"minecraft:sea_lantern":18,"minecraft:cobbled_deepslate_slab":2,"minecraft:nether_bricks":49,"minecraft:spruce_fence":2,"minecraft:crimson_roots":2,"minecraft:redstone_wire":20,"minecraft:cherry_wood":10,"minecraft:moss_block":270,"minecraft:redstone_ore":34,"minecraft:waxed_oxidized_cut_copper":41,"minecraft:packed_mud":40,"minecraft:waxed_copper_grate":45,"minecraft:red_sandstone":83,"minecraft:snow":25,"minecraft:andesite":81,"minecraft:suspicious_sand":57,"minecraft:green_terracotta":9,"minecraft:chiseled_tuff":34,"minecraft:cobblestone_slab":5,"minecraft:rail":45,"minecraft:waxed_weathered_copper_bulb":21,"minecraft:fire_coral_block":13,"minecraft:smithing_table":1,"minecraft:oak_slab":55,"minecraft:soul_sand":203,"minecraft:observer":15,"minecraft:dandelion":7,"minecraft:short_grass":83,"minecraft:emerald_ore":34,"minecraft:sponge":12,"minecraft:copper_ore":136,"minecraft:tall_grass":38,"minecraft:dried_kelp_block":7,"minecraft:deepslate_gold_ore":37,"minecraft:diorite":106,"minecraft:warped_wart_block":21,"minecraft:pearlescent_froglight":1,"minecraft:red_terracotta":10,"minecraft:stripped_spruce_wood":1,"minecraft:spruce_log":7904,"minecraft:white_carpet":1,"minecraft:birch_leaves":9,"minecraft:gravel":154,"minecraft:dripstone_block":86,"minecraft:cobweb":3,"minecraft:brown_terracotta":17,"minecraft:acacia_planks":28,"minecraft:spruce_fence_gate":3,"minecraft:gold_ore":41,"minecraft:deepslate_emerald_ore":12,"minecraft:spruce_planks":1588,"minecraft:oak_sapling":2,"minecraft:farmland":71,"minecraft:brewing_stand":2,"minecraft:spruce_trapdoor":8,"minecraft:budding_amethyst":44,"minecraft:grass_block":268,"minecraft:dead_tube_coral_block":1,"minecraft:cracked_polished_blackstone_bricks":12,"minecraft:soul_soil":335,"minecraft:mud_bricks":50,"minecraft:composter":7,"minecraft:gilded_blackstone":16,"minecraft:tuff_bricks":239,"minecraft:raw_iron_block":2,"minecraft:glowstone":27,"minecraft:iron_ore":95,"minecraft:polished_tuff":40,"minecraft:anvil":2,"minecraft:azure_bluet":1,"minecraft:flowering_azalea_leaves":23,"minecraft:azalea_leaves":81,"minecraft:azalea":10,"minecraft:brain_coral_block":14,"minecraft:spruce_slab":1138,"minecraft:deepslate_redstone_ore":12,"minecraft:gray_terracotta":4,"minecraft:cyan_terracotta":8,"minecraft:blackstone":336,"minecraft:dead_bubble_coral_block":2,"minecraft:orange_terracotta":21,"minecraft:clay":61,"minecraft:light_gray_terracotta":11,"minecraft:calcite":153,"minecraft:poppy":1,"minecraft:chest":121,"minecraft:cobblestone":537,"minecraft:nether_quartz_ore":46,"minecraft:honeycomb_block":11,"minecraft:prismarine":71,"minecraft:waxed_chiseled_copper":14,"minecraft:grindstone":1,"minecraft:oak_planks":150,"minecraft:wall_torch":5,"minecraft:deepslate_copper_ore":68,"minecraft:seagrass":1,"minecraft:warped_nylium":41,"minecraft:blue_terracotta":13,"minecraft:dark_oak_slab":8,"minecraft:nether_wart_block":25,"minecraft:birch_trapdoor":11,"minecraft:birch_log":107,"minecraft:blue_ice":5,"minecraft:tnt":1,"minecraft:oak_log":183,"minecraft:waxed_oxidized_copper":153,"minecraft:lime_terracotta":11,"minecraft:sand":168,"minecraft:dirt":145,"minecraft:raw_copper_block":3,"minecraft:tripwire_hook":400,"minecraft:dispenser":7,"minecraft:netherrack":12019,"minecraft:ancient_debris":17,"minecraft:oak_leaves":226,"minecraft:horn_coral_block":7,"minecraft:emerald_block":9,"minecraft:crying_obsidian":2,"minecraft:diamond_ore":17,"minecraft:tuff":61,"minecraft:nether_gold_ore":29,"minecraft:deepslate_diamond_ore":15,"minecraft:mangrove_roots":20,"minecraft:ladder":41,"minecraft:chiseled_bookshelf":9,"minecraft:decorated_pot":26,"minecraft:birch_slab":11,"minecraft:spruce_leaves":1290,"minecraft:rooted_dirt":21,"minecraft:sandstone":133,"minecraft:crimson_stem":3,"minecraft:hay_block":11,"minecraft:vault":5,"minecraft:deepslate_brick_slab":31,"minecraft:oak_trapdoor":4,"minecraft:spruce_sapling":5,"minecraft:furnace":6,"minecraft:carrots":165,"minecraft:raw_gold_block":5,"minecraft:stripped_spruce_log":10,"minecraft:gold_block":30,"minecraft:dead_horn_coral_block":1,"minecraft:nether_brick_fence":2,"minecraft:bookshelf":87,"minecraft:shroomlight":9,"minecraft:deepslate_iron_ore":51,"minecraft:lantern":1,"minecraft:trial_spawner":1,"minecraft:packed_ice":18,"minecraft:wet_sponge":14,"minecraft:stone":1287,"minecraft:redstone_wall_torch":3,"minecraft:pink_terracotta":14,"minecraft:podzol":255,"minecraft:flowering_azalea":10,"minecraft:snow_block":54,"minecraft:basalt":840,"minecraft:spruce_door":1,"minecraft:oak_fence":2,"minecraft:crafting_table":18,"minecraft:blackstone_slab":1,"minecraft:honey_block":7,"minecraft:lectern":8,"minecraft:deepslate_coal_ore":42,"minecraft:lapis_ore":43,"minecraft:polished_blackstone_brick_stairs":4,"minecraft:prismarine_bricks":28,"minecraft:dead_fire_coral_block":2,"minecraft:birch_planks":136,"minecraft:waxed_oxidized_copper_grate":23,"minecraft:redstone_torch":5,"minecraft:sweet_berry_bush":3,"minecraft:ice":10,"minecraft:bee_nest":2,"minecraft:muddy_mangrove_roots":16,"minecraft:dead_brain_coral_block":2,"minecraft:coal_ore":69,"minecraft:ochre_froglight":1,"minecraft:cherry_leaves":8,"minecraft:terracotta":21},"minecraft:custom":{"minecraft:interact_with_crafting_table":529,"minecraft:open_barrel":67,"minecraft:eat_cake_slice":2,"minecraft:leave_game":26,"minecraft:time_since_death":353095,"minecraft:play_time":2622036,"minecraft:deaths":39,"minecraft:jump":26592,"minecraft:interact_with_furnace":507,"minecraft:play_record":43,"minecraft:traded_with_villager":19317,"minecraft:sleep_in_bed":23,"minecraft:damage_dealt":152994,"minecraft:interact_with_smithing_table":5,"minecraft:inspect_dispenser":6,"minecraft:horse_one_cm":106389,"minecraft:use_cauldron":11,"minecraft:interact_with_anvil":159,"minecraft:inspect_hopper":56,"minecraft:sneak_time":308120,"minecraft:interact_with_blast_furnace":3,"minecraft:total_world_time":2622036,"minecraft:interact_with_stonecutter":11,"minecraft:time_since_rest":72274,"minecraft:swim_one_cm":100955,"minecraft:fly_one_cm":4571145,"minecraft:open_chest":3702,"minecraft:fall_one_cm":669556,"minecraft:animals_bred":87,"minecraft:sprint_one_cm":4216290,"minecraft:drop":2619,"minecraft:talked_to_villager":783,"minecraft:interact_with_brewingstand":27,"minecraft:walk_on_water_one_cm":250985,"minecraft:player_kills":3,"minecraft:crouch_one_cm":1422730,"minecraft:mob_kills":5505,"minecraft:damage_dealt_resisted":1717,"minecraft:climb_one_cm":511818,"minecraft:walk_one_cm":5055712,"minecraft:walk_under_water_one_cm":87353,"minecraft:boat_one_cm":2762,"minecraft:pot_flower":1,"minecraft:interact_with_grindstone":18,"minecraft:damage_taken":37467,"minecraft:damage_absorbed":114},"minecraft:picked_up":{"minecraft:wooden_axe":8,"minecraft:seagrass":8,"minecraft:iron_chestplate":3,"minecraft:chainmail_boots":3,"minecraft:anvil":2,"minecraft:prismarine_shard":8,"minecraft:smithing_table":1,"minecraft:lead":4,"minecraft:diamond_sword":5,"minecraft:enchanted_book":25,"minecraft:brewing_stand":2,"minecraft:golden_sword":16,"minecraft:amethyst_block":263,"minecraft:music_disc_cat":5,"minecraft:polished_blackstone_brick_stairs":4,"minecraft:string":348,"minecraft:soul_soil":115,"minecraft:wayfinder_armor_trim_smithing_template":1,"minecraft:explorer_pottery_sherd":14,"minecraft:red_nether_bricks":49,"minecraft:pufferfish":2,"minecraft:shroomlight":18,"minecraft:diamond_leggings":3,"minecraft:gold_nugget":461,"minecraft:cobbled_deepslate":296,"minecraft:spruce_planks":1683,"minecraft:trial_key":7,"minecraft:azalea_leaves":74,"minecraft:enchanted_golden_apple":1,"minecraft:melon_slice":251,"minecraft:mangrove_log":36,"minecraft:golden_helmet":10,"minecraft:sheaf_pottery_sherd":67,"minecraft:music_disc_blocks":7,"minecraft:jukebox":13,"minecraft:composter":7,"minecraft:big_dripleaf":3,"minecraft:acacia_log":26,"minecraft:golden_axe":1,"minecraft:honeycomb_block":12,"minecraft:cherry_log":34,"minecraft:waxed_weathered_copper_bulb":26,"minecraft:waxed_copper_grate":53,"minecraft:golden_chestplate":14,"minecraft:green_terracotta":7,"minecraft:pink_terracotta":22,"minecraft:black_dye":1,"minecraft:shaper_armor_trim_smithing_template":3,"minecraft:bamboo_block":73,"minecraft:stone_sword":7,"minecraft:horn_coral_fan":2,"minecraft:honey_bottle":17,"minecraft:tropical_fish":18,"minecraft:red_tulip":9,"minecraft:blue_dye":2,"minecraft:armadillo_scute":108,"minecraft:carved_pumpkin":33,"minecraft:cyan_terracotta":8,"minecraft:glowstone":1,"minecraft:white_terracotta":97,"minecraft:blaze_rod":19,"minecraft:host_armor_trim_smithing_template":4,"minecraft:snowball":330,"minecraft:sponge":15,"minecraft:birch_log":111,"minecraft:dune_armor_trim_smithing_template":1,"minecraft:magma_block":60,"minecraft:water_bucket":2,"minecraft:feather":113,"minecraft:cooked_beef":23,"minecraft:birch_slab":8,"minecraft:jungle_log":16,"minecraft:powder_snow_bucket":1,"minecraft:flint":12,"minecraft:map":1,"minecraft:glow_squid_spawn_egg":2,"minecraft:lantern":12,"minecraft:zombie_villager_spawn_egg":1,"minecraft:disc_fragment_5":9,"minecraft:twisting_vines":11,"minecraft:hanging_roots":5,"minecraft:chipped_anvil":1,"minecraft:gray_terracotta":22,"minecraft:rabbit":23,"minecraft:diamond_helmet":6,"minecraft:glowstone_dust":118,"minecraft:moss_block":365,"minecraft:pitcher_pod":7,"minecraft:honeycomb":1,"minecraft:glow_lichen":12,"minecraft:warped_wart_block":25,"minecraft:lime_terracotta":12,"minecraft:stripped_spruce_log":12,"minecraft:dark_oak_log":147,"minecraft:red_terracotta":10,"minecraft:barrel":7,"minecraft:dispenser":7,"minecraft:blue_terracotta":17,"minecraft:miner_pottery_sherd":18,"minecraft:writable_book":8,"minecraft:dead_brain_coral_block":18,"minecraft:blue_ice":6,"minecraft:granite":153,"minecraft:bread":543,"minecraft:spruce_button":12,"minecraft:music_disc_precipice":8,"minecraft:chainmail_helmet":1,"minecraft:cyan_dye":6,"minecraft:rooted_dirt":47,"minecraft:plenty_pottery_sherd":5,"minecraft:ominous_trial_key":4,"minecraft:music_disc_5":1,"minecraft:crimson_roots":4,"minecraft:diamond_pickaxe":5,"minecraft:spruce_leaves":1214,"minecraft:mud":103,"minecraft:shelter_pottery_sherd":8,"minecraft:crafting_table":26,"minecraft:bee_nest":2,"minecraft:ominous_bottle":5,"minecraft:nether_wart":20,"minecraft:clay_ball":288,"minecraft:leather_leggings":14,"minecraft:music_disc_creator":18,"minecraft:dead_horn_coral_block":8,"minecraft:wind_charge":33,"minecraft:cornflower":2,"minecraft:flint_and_steel":2,"minecraft:netherite_scrap":10,"minecraft:iron_shovel":25,"minecraft:white_carpet":2,"minecraft:beef":59,"minecraft:chiseled_tuff":40,"minecraft:jungle_sapling":4,"minecraft:poppy":113,"minecraft:spruce_slab":850,"minecraft:minecart":10,"minecraft:birch_sapling":25,"minecraft:chest":160,"minecraft:piston":17,"minecraft:raw_copper_block":1,"minecraft:waxed_oxidized_copper":182,"minecraft:egg":515,"minecraft:sandstone":168,"minecraft:raw_gold_block":10,"minecraft:amethyst_cluster":14,"minecraft:spruce_fence":2,"minecraft:fire_charge":2,"minecraft:skull_pottery_sherd":16,"minecraft:carrot":736,"minecraft:redstone":530,"minecraft:netherite_pickaxe":1,"minecraft:prismarine_crystals":45,"minecraft:stone_shovel":3,"minecraft:diamond_chestplate":6,"minecraft:diamond_boots":32,"minecraft:shears":3,"minecraft:deepslate_bricks":45,"minecraft:hay_block":11,"minecraft:yellow_terracotta":36,"minecraft:gold_ingot":95,"minecraft:tuff_bricks":277,"minecraft:glow_berries":37,"minecraft:mutton":15,"minecraft:white_wool":79,"minecraft:rail":131,"minecraft:heartbreak_pottery_sherd":29,"minecraft:birch_leaves":7,"minecraft:mud_bricks":50,"minecraft:tripwire_hook":799,"minecraft:chiseled_bookshelf":9,"minecraft:blackstone_slab":1,"minecraft:yellow_dye":8,"minecraft:red_mushroom":9,"minecraft:crafter":2,"minecraft:ochre_froglight":2,"minecraft:filled_map":6,"minecraft:torchflower":5,"minecraft:packed_mud":41,"minecraft:oak_log":183,"minecraft:lily_pad":24,"minecraft:ancient_debris":17,"minecraft:golden_boots":7,"minecraft:paper":53,"minecraft:apple":16,"minecraft:kelp":1,"minecraft:creeper_spawn_egg":2,"minecraft:warped_stem":9,"minecraft:wild_armor_trim_smithing_template":1,"minecraft:spore_blossom":8,"minecraft:music_disc_far":3,"minecraft:stone_pickaxe":23,"minecraft:cobweb":2,"minecraft:blade_pottery_sherd":7,"minecraft:glass_bottle":6,"minecraft:arms_up_pottery_sherd":16,"minecraft:iron_sword":15,"minecraft:flowering_azalea":21,"minecraft:milk_bucket":4,"minecraft:smooth_basalt":207,"minecraft:dark_oak_slab":42,"minecraft:sweet_berries":26,"minecraft:spyglass":2,"minecraft:torchflower_seeds":3,"minecraft:gravel":209,"minecraft:dead_fire_coral_block":21,"minecraft:prize_pottery_sherd":9,"minecraft:spruce_sapling":1010,"minecraft:spruce_log":8494,"minecraft:crying_obsidian":9,"minecraft:polished_tuff":45,"minecraft:leather_helmet":19,"minecraft:sea_lantern":1,"minecraft:archer_pottery_sherd":13,"minecraft:brewer_pottery_sherd":3,"minecraft:firework_rocket":4,"minecraft:diamond_shovel":2,"minecraft:slime_ball":103,"minecraft:stone_axe":12,"minecraft:tide_armor_trim_smithing_template":2,"minecraft:short_grass":4,"minecraft:diamond_axe":7,"minecraft:warped_roots":1,"minecraft:baked_potato":5,"minecraft:melon_seeds":3,"minecraft:mangrove_propagule":4,"minecraft:hopper":14,"minecraft:ender_pearl":8,"minecraft:wheat":414,"minecraft:nether_brick_fence":1,"minecraft:sentry_armor_trim_smithing_template":1,"minecraft:potion":9,"minecraft:nether_brick":14,"minecraft:gilded_blackstone":3,"minecraft:crimson_planks":8,"minecraft:dead_tube_coral_block":10,"minecraft:raw_copper":1622,"minecraft:netherite_ingot":2,"minecraft:experience_bottle":47,"minecraft:sea_pickle":4,"minecraft:deepslate_tiles":16,"minecraft:red_sand":96,"minecraft:smooth_stone":3,"minecraft:bucket":18,"minecraft:red_dye":2,"minecraft:redstone_torch":8,"minecraft:cobblestone_slab":18,"minecraft:calcite":214,"minecraft:azalea":37,"minecraft:wooden_shovel":9,"minecraft:iron_pickaxe":24,"minecraft:iron_boots":11,"minecraft:furnace":7,"minecraft:tipped_arrow":43,"minecraft:stick":5966,"minecraft:birch_trapdoor":18,"minecraft:brown_terracotta":17,"minecraft:oak_fence":22,"minecraft:torch":158,"minecraft:snow_block":10,"minecraft:porkchop":33,"minecraft:villager_spawn_egg":1,"minecraft:shulker_spawn_egg":1,"minecraft:diorite":168,"minecraft:pointed_dripstone":9,"minecraft:music_disc_pigstep":1,"minecraft:vine":10,"minecraft:quartz_block":28,"minecraft:cactus":15,"minecraft:rotten_flesh":1881,"minecraft:mangrove_roots":20,"minecraft:fire_coral_fan":2,"minecraft:obsidian":14,"minecraft:cod":18,"minecraft:cobblestone":914,"minecraft:nautilus_shell":3,"minecraft:muddy_mangrove_roots":19,"minecraft:leather_chestplate":17,"minecraft:magma_cream":28,"minecraft:raiser_armor_trim_smithing_template":1,"minecraft:repeater":2,"minecraft:andesite":126,"minecraft:cod_spawn_egg":1,"minecraft:golden_leggings":11,"minecraft:potato":13,"minecraft:magenta_dye":7,"minecraft:tuff":98,"minecraft:light_gray_dye":1,"minecraft:prismarine_bricks":30,"minecraft:danger_pottery_sherd":22,"minecraft:wither_skeleton_skull":5,"minecraft:stripped_birch_log":2,"minecraft:lapis_lazuli":1033,"minecraft:dirt":753,"minecraft:leather_boots":6,"minecraft:glass":33,"minecraft:bone":1623,"minecraft:acacia_planks":54,"minecraft:bow":112,"minecraft:wheat_seeds":2355,"minecraft:deepslate_brick_slab":54,"minecraft:small_dripleaf":22,"minecraft:raw_gold":160,"minecraft:cobbled_deepslate_slab":2,"minecraft:grindstone":1,"minecraft:bolt_armor_trim_smithing_template":2,"minecraft:fletching_table":2,"minecraft:bamboo":34,"minecraft:prismarine":63,"minecraft:stone_hoe":4,"minecraft:oak_planks":144,"minecraft:brain_coral":1,"minecraft:ghast_tear":4,"minecraft:music_disc_13":2,"minecraft:axolotl_bucket":3,"minecraft:waxed_chiseled_copper":16,"minecraft:sand":240,"minecraft:dead_bush":10,"minecraft:grass_block":164,"minecraft:spectral_arrow":30,"minecraft:mossy_cobblestone":84,"minecraft:dark_prismarine":26,"minecraft:light_gray_terracotta":11,"minecraft:spruce_fence_gate":3,"minecraft:sugar":17,"minecraft:clay":21,"minecraft:diamond":74,"minecraft:spruce_boat":4,"minecraft:waxed_oxidized_copper_grate":29,"minecraft:cracked_polished_blackstone_bricks":9,"minecraft:cherry_wood":10,"minecraft:crossbow":4,"minecraft:breeze_rod":4,"minecraft:bone_meal":323,"minecraft:golden_apple":36,"minecraft:spruce_sign":13,"minecraft:emerald":2192,"minecraft:oak_sapling":27,"minecraft:netherrack":6902,"minecraft:oak_leaves":177,"minecraft:charcoal":22,"minecraft:cocoa_beans":2,"minecraft:waxed_oxidized_cut_copper":47,"minecraft:azure_bluet":2,"minecraft:firework_star":22,"minecraft:allium":4,"minecraft:splash_potion":2,"minecraft:chicken":82,"minecraft:ladder":94,"minecraft:brown_mushroom":101,"minecraft:wooden_pickaxe":8,"minecraft:gold_block":30,"minecraft:diamond_horse_armor":1,"minecraft:chain":6,"minecraft:brick":84,"minecraft:shield":1,"minecraft:oak_trapdoor":7,"minecraft:moss_carpet":49,"minecraft:iron_axe":22,"minecraft:wooden_sword":14,"minecraft:item_frame":1,"minecraft:blackstone":289,"minecraft:blue_orchid":1,"minecraft:candle":30,"minecraft:oak_boat":1,"minecraft:observer":16,"minecraft:lectern":8,"minecraft:sugar_cane":119,"minecraft:spruce_trapdoor":7,"minecraft:phantom_membrane":3,"minecraft:dark_oak_sapling":22,"minecraft:raw_iron":212,"minecraft:music_disc_relic":4,"minecraft:squid_spawn_egg":1,"minecraft:copper_ingot":81,"minecraft:bowl":5,"minecraft:flowering_azalea_leaves":23,"minecraft:polished_blackstone_bricks":40,"minecraft:music_disc_11":2,"minecraft:trident":3,"minecraft:friend_pottery_sherd":10,"minecraft:dark_oak_planks":76,"minecraft:howl_pottery_sherd":35,"minecraft:arrow":1976,"minecraft:weeping_vines":3,"minecraft:nether_bricks":63,"minecraft:saddle":1,"minecraft:turtle_spawn_egg":1,"minecraft:wet_sponge":14,"minecraft:crimson_stem":3,"minecraft:basalt":912,"minecraft:golden_carrot":275,"minecraft:burn_pottery_sherd":23,"minecraft:glow_ink_sac":3,"minecraft:salmon":5,"minecraft:leather":114,"minecraft:music_disc_stal":10,"minecraft:birch_planks":190,"minecraft:wolf_armor":1,"minecraft:ice":6,"minecraft:mushroom_stew":15,"minecraft:crimson_fungus":3,"minecraft:chainmail_chestplate":2,"minecraft:waxed_copper_block":112,"minecraft:nether_wart_block":26,"minecraft:gunpowder":1718,"minecraft:heart_pottery_sherd":14,"minecraft:orange_terracotta":40,"minecraft:cooked_mutton":1,"minecraft:podzol":63,"minecraft:coast_armor_trim_smithing_template":2,"minecraft:pearlescent_froglight":4,"minecraft:red_sandstone":165,"minecraft:rabbit_hide":11,"minecraft:spruce_wood":138,"minecraft:iron_ingot":341,"minecraft:cooked_chicken":2,"minecraft:frogspawn":3,"minecraft:soul_sand":157,"minecraft:verdant_froglight":7,"minecraft:acacia_sapling":1,"minecraft:music_disc_chirp":5,"minecraft:book":347,"minecraft:tropical_fish_bucket":1,"minecraft:oak_slab":52,"minecraft:emerald_block":230,"minecraft:pumpkin":22,"minecraft:budding_amethyst":7,"minecraft:quartz":321,"minecraft:dandelion":10,"minecraft:raw_iron_block":3,"minecraft:dripstone_block":118,"minecraft:lava_bucket":1,"minecraft:amethyst_shard":36,"minecraft:blast_furnace":1,"minecraft:white_bed":7,"minecraft:spruce_door":1,"minecraft:spider_eye":79,"minecraft:bamboo_mosaic":2,"minecraft:music_disc_mall":7,"minecraft:pumpkin_seeds":87,"minecraft:dried_kelp_block":8,"minecraft:dead_bubble_coral_block":9,"minecraft:iron_helmet":11,"minecraft:honey_block":10,"minecraft:chainmail_leggings":2,"minecraft:cherry_sapling":1,"minecraft:terracotta":37,"minecraft:damaged_anvil":1,"minecraft:coal":315,"minecraft:chiseled_tuff_bricks":113},"minecraft:crafted":{"minecraft:smooth_stone":6,"minecraft:purple_bed":1,"minecraft:blaze_powder":6,"minecraft:wolf_armor":3,"minecraft:birch_slab":18,"minecraft:nether_brick":1240,"minecraft:lever":1,"minecraft:diamond_shovel":4,"minecraft:bookshelf":110,"minecraft:cooked_mutton":4,"minecraft:deepslate_brick_stairs":2,"minecraft:glass":832,"minecraft:diamond_helmet":3,"minecraft:repeater":2,"minecraft:diamond_leggings":4,"minecraft:melon_seeds":1,"minecraft:decorated_pot":8,"minecraft:iron_door":3,"minecraft:glass_bottle":15,"minecraft:pumpkin":20,"minecraft:target":1,"minecraft:wooden_shovel":1,"minecraft:emerald":22551,"minecraft:diamond_axe":10,"minecraft:spruce_door":6,"minecraft:smithing_table":1,"minecraft:copper_ingot":71,"minecraft:red_mushroom":4,"minecraft:fletching_table":1,"minecraft:hay_block":1,"minecraft:campfire":9,"minecraft:dark_oak_sapling":11,"minecraft:bamboo_planks":14,"minecraft:smooth_basalt":211,"minecraft:lectern":23,"minecraft:wooden_hoe":3,"minecraft:crafter":3,"minecraft:stone_slab":6,"minecraft:iron_pickaxe":17,"minecraft:iron_block":57,"minecraft:gold_ingot":185,"minecraft:sandstone":2,"minecraft:netherite_ingot":3,"minecraft:composter":4,"minecraft:fire_charge":3,"minecraft:spruce_fence_gate":2,"minecraft:golden_carrot":651,"minecraft:stone_shovel":5,"minecraft:diamond_hoe":1,"minecraft:experience_bottle":1166,"minecraft:pointed_dripstone":12,"minecraft:wind_charge":4,"minecraft:bone_meal":2265,"minecraft:spruce_fence":9,"minecraft:white_carpet":3,"minecraft:terracotta":23,"minecraft:lantern":9,"minecraft:diamond":6,"minecraft:ladder":492,"minecraft:spruce_slab":7312,"minecraft:ender_pearl":12,"minecraft:stone_pickaxe":3,"minecraft:diamond_boots":184,"minecraft:spruce_boat":3,"minecraft:dark_oak_planks":408,"minecraft:wheat":45,"minecraft:firework_star":64,"minecraft:netherite_pickaxe":1,"minecraft:podzol":378,"minecraft:glowstone":9,"minecraft:enchanted_book":228,"minecraft:orange_dye":15,"minecraft:golden_apple":19,"minecraft:fermented_spider_eye":10,"minecraft:wooden_axe":4,"minecraft:birch_trapdoor":36,"minecraft:iron_shovel":8,"minecraft:white_bed":65,"minecraft:grindstone":1,"minecraft:oak_planks":600,"minecraft:barrel":4,"minecraft:cooked_chicken":3,"minecraft:sand":840,"minecraft:stone":83,"minecraft:cobblestone_stairs":4,"minecraft:red_sandstone":1,"minecraft:spruce_pressure_plate":3,"minecraft:suspicious_stew":9,"minecraft:cake":1,"minecraft:hopper":44,"minecraft:bow":12,"minecraft:iron_boots":1,"minecraft:raw_copper":9,"minecraft:chest":131,"minecraft:copper_block":3,"minecraft:cod_bucket":4,"minecraft:netherite_upgrade_smithing_template":16,"minecraft:rail":16,"minecraft:stone_hoe":5,"minecraft:oak_fence":33,"minecraft:dropper":3,"minecraft:oak_slab":348,"minecraft:item_frame":1,"minecraft:cauldron":7,"minecraft:crafting_table":26,"minecraft:spruce_planks":23260,"minecraft:wooden_pickaxe":1,"minecraft:iron_helmet":1,"minecraft:brush":4,"minecraft:brewing_stand":1,"minecraft:birch_planks":420,"minecraft:dispenser":3,"minecraft:apple":120,"minecraft:spruce_trapdoor":52,"minecraft:dark_oak_slab":102,"minecraft:iron_chestplate":1,"minecraft:yellow_dye":12,"minecraft:emerald_block":1241,"minecraft:diamond_pickaxe":6,"minecraft:charcoal":96,"minecraft:purple_dye":2,"minecraft:shield":1,"minecraft:stick":27991,"minecraft:iron_ingot":212,"minecraft:leather_chestplate":2,"minecraft:stone_sword":3,"minecraft:snow_block":7,"minecraft:redstone_torch":7,"minecraft:sponge":11,"minecraft:shears":36,"minecraft:cookie":324,"minecraft:redstone":140,"minecraft:raw_iron":27,"minecraft:tripwire_hook":8,"minecraft:netherite_sword":1,"minecraft:spruce_button":1,"minecraft:furnace":18,"minecraft:blast_furnace":1,"minecraft:piston":106,"minecraft:dark_oak_trapdoor":2,"minecraft:cherry_sapling":10,"minecraft:oak_trapdoor":16,"minecraft:flint_and_steel":1,"minecraft:blue_ice":3,"minecraft:iron_axe":4,"minecraft:spruce_wood":1719,"minecraft:minecart":1,"minecraft:observer":58,"minecraft:cooked_beef":33,"minecraft:sugar":8,"minecraft:red_dye":64,"minecraft:cooked_cod":3,"minecraft:crimson_planks":12,"minecraft:diamond_sword":6,"minecraft:spruce_sign":24,"minecraft:brown_mushroom":31,"minecraft:iron_sword":4,"minecraft:bell":4,"minecraft:bowl":20,"minecraft:nether_bricks":310,"minecraft:bucket":17,"minecraft:stone_axe":64,"minecraft:bread":2927,"minecraft:air":0,"minecraft:blue_dye":3,"minecraft:oak_boat":1,"minecraft:white_wool":2,"minecraft:gold_nugget":127,"minecraft:raw_gold":45,"minecraft:stonecutter":1,"minecraft:anvil":19,"minecraft:acacia_planks":24,"minecraft:torch":384,"minecraft:lapis_lazuli":6,"minecraft:clay":33,"minecraft:diamond_chestplate":3,"minecraft:firework_rocket":6},"minecraft:dropped":{"minecraft:iron_sword":4,"minecraft:lapis_lazuli":62,"minecraft:diamond":22,"minecraft:spore_blossom":1,"minecraft:red_sandstone":12,"minecraft:crossbow":1,"minecraft:dark_oak_slab":2,"minecraft:cookie":270,"minecraft:glow_berries":3,"minecraft:rooted_dirt":1,"minecraft:sheaf_pottery_sherd":12,"minecraft:archer_pottery_sherd":3,"minecraft:rail":11,"minecraft:leather_helmet":4,"minecraft:red_mushroom":4,"minecraft:emerald":2746,"minecraft:dirt":161,"minecraft:dark_oak_trapdoor":1,"minecraft:wooden_sword":1,"minecraft:gold_nugget":118,"minecraft:writable_book":2,"minecraft:bone_meal":26,"minecraft:phantom_membrane":2,"minecraft:sand":7,"minecraft:sugar":1,"minecraft:iron_pickaxe":2,"minecraft:dark_oak_planks":20,"minecraft:white_wool":4,"minecraft:bone":402,"minecraft:stone_axe":12,"minecraft:emerald_block":30,"minecraft:sugar_cane":6,"minecraft:golden_chestplate":5,"minecraft:cobbled_deepslate":19,"minecraft:nether_brick":14,"minecraft:birch_sapling":11,"minecraft:wheat":20,"minecraft:obsidian":2,"minecraft:deepslate_brick_slab":9,"minecraft:rotten_flesh":505,"minecraft:oak_planks":9,"minecraft:glowstone_dust":1,"minecraft:blaze_powder":2,"minecraft:nether_brick_fence":1,"minecraft:white_bed":1,"minecraft:dead_fire_coral_block":15,"minecraft:waxed_copper_block":31,"minecraft:salmon":1,"minecraft:wind_charge":2,"minecraft:firework_star":15,"minecraft:deepslate_tiles":5,"minecraft:leather_boots":1,"minecraft:ladder":8,"minecraft:leather_leggings":3,"minecraft:spruce_slab":9,"minecraft:chiseled_tuff":17,"minecraft:beef":6,"minecraft:podzol":61,"minecraft:golden_boots":4,"minecraft:dead_tube_coral_block":10,"minecraft:egg":52,"minecraft:crimson_planks":8,"minecraft:enchanted_book":39,"minecraft:iron_ingot":76,"minecraft:netherite_pickaxe":1,"minecraft:wheat_seeds":125,"minecraft:shelter_pottery_sherd":8,"minecraft:dripstone_block":1,"minecraft:yellow_terracotta":8,"minecraft:feather":22,"minecraft:cobblestone":83,"minecraft:prismarine_crystals":23,"minecraft:book":13,"minecraft:waxed_copper_grate":17,"minecraft:apple":80,"minecraft:granite":12,"minecraft:explorer_pottery_sherd":8,"minecraft:burn_pottery_sherd":5,"minecraft:spruce_door":1,"minecraft:bamboo_block":1,"minecraft:coal":62,"minecraft:golden_apple":5,"minecraft:mushroom_stew":4,"minecraft:pufferfish":2,"minecraft:golden_carrot":280,"minecraft:sponge":6,"minecraft:wooden_hoe":2,"minecraft:waxed_weathered_copper_bulb":16,"minecraft:wooden_axe":2,"minecraft:diamond_helmet":2,"minecraft:potion":7,"minecraft:armadillo_scute":44,"minecraft:chipped_anvil":1,"minecraft:iron_shovel":4,"minecraft:paper":15,"minecraft:string":32,"minecraft:acacia_planks":5,"minecraft:spruce_sapling":285,"minecraft:snow_block":2,"minecraft:moss_carpet":10,"minecraft:soul_soil":20,"minecraft:netherite_ingot":2,"minecraft:stone_sword":3,"minecraft:bowl":6,"minecraft:experience_bottle":38,"minecraft:stone_shovel":1,"minecraft:chicken":7,"minecraft:clay_ball":56,"minecraft:stone_slab":5,"minecraft:white_terracotta":3,"minecraft:nether_bricks":1,"minecraft:spruce_fence":2,"minecraft:shears":7,"minecraft:suspicious_stew":5,"minecraft:wolf_armor":1,"minecraft:diamond_sword":3,"minecraft:potato":1,"minecraft:spruce_boat":1,"minecraft:sea_pickle":2,"minecraft:allium":2,"minecraft:spruce_trapdoor":6,"minecraft:spruce_planks":515,"minecraft:diamond_pickaxe":3,"minecraft:howl_pottery_sherd":20,"minecraft:wooden_shovel":1,"minecraft:barrel":1,"minecraft:spider_eye":5,"minecraft:sandstone":22,"minecraft:bow":23,"minecraft:red_sand":6,"minecraft:magma_block":1,"minecraft:dark_prismarine":9,"minecraft:spruce_sign":2,"minecraft:soul_sand":10,"minecraft:moss_block":7,"minecraft:birch_planks":2,"minecraft:diamond_axe":4,"minecraft:oak_log":18,"minecraft:baked_potato":1,"minecraft:ender_pearl":2,"minecraft:lime_terracotta":8,"minecraft:tide_armor_trim_smithing_template":2,"minecraft:lantern":10,"minecraft:leather":11,"minecraft:iron_horse_armor":1,"minecraft:host_armor_trim_smithing_template":1,"minecraft:cod":5,"minecraft:music_disc_13":1,"minecraft:flint":1,"minecraft:spruce_leaves":5,"minecraft:cyan_terracotta":7,"minecraft:cracked_polished_blackstone_bricks":8,"minecraft:dark_oak_log":5,"minecraft:netherite_scrap":1,"minecraft:polished_blackstone_brick_stairs":4,"minecraft:crimson_roots":1,"minecraft:seagrass":3,"minecraft:coast_armor_trim_smithing_template":1,"minecraft:music_disc_precipice":1,"minecraft:snowball":32,"minecraft:polished_blackstone_bricks":37,"minecraft:birch_log":33,"minecraft:gold_ingot":20,"minecraft:gravel":120,"minecraft:crimson_fungus":1,"minecraft:pink_terracotta":5,"minecraft:blackstone":135,"minecraft:chiseled_tuff_bricks":35,"minecraft:pointed_dripstone":2,"minecraft:prismarine":13,"minecraft:carrot":362,"minecraft:poppy":6629,"minecraft:rabbit_hide":2,"minecraft:leather_chestplate":2,"minecraft:trident":1,"minecraft:gunpowder":426,"minecraft:birch_trapdoor":1,"minecraft:horn_coral_fan":2,"minecraft:azalea":17,"minecraft:chest":4,"minecraft:spruce_wood":7,"minecraft:blackstone_slab":1,"minecraft:basalt":395,"minecraft:arrow":354,"minecraft:prismarine_bricks":13,"minecraft:quartz":145,"minecraft:splash_potion":1,"minecraft:netherrack":1577,"minecraft:firework_rocket":6,"minecraft:stone_hoe":1,"minecraft:bread":3201,"minecraft:oak_slab":72,"minecraft:stripped_spruce_log":3,"minecraft:mossy_cobblestone":2,"minecraft:plenty_pottery_sherd":5,"minecraft:prismarine_shard":6,"minecraft:golden_axe":1,"minecraft:observer":2,"minecraft:spectral_arrow":30,"minecraft:polished_tuff":14,"minecraft:amethyst_block":25,"minecraft:dead_horn_coral_block":5,"minecraft:tropical_fish":2,"minecraft:ominous_trial_key":1,"minecraft:acacia_log":10,"minecraft:spruce_fence_gate":1,"minecraft:stick":6583,"minecraft:blue_dye":1,"minecraft:diorite":6,"minecraft:torch":14,"minecraft:iron_door":1,"minecraft:waxed_oxidized_copper":24,"minecraft:fire_charge":3,"minecraft:flowering_azalea":10,"minecraft:iron_axe":4,"minecraft:bucket":12,"minecraft:music_disc_cat":1,"minecraft:dandelion":6,"minecraft:smooth_basalt":40,"minecraft:redstone":47,"minecraft:blue_terracotta":9,"minecraft:tuff_bricks":100,"minecraft:kelp":1,"minecraft:raw_copper":73,"minecraft:tuff":9,"minecraft:raw_iron":26,"minecraft:dead_bubble_coral_block":4,"minecraft:deepslate_bricks":5,"minecraft:filled_map":1,"minecraft:trial_key":4,"minecraft:diamond_chestplate":2,"minecraft:orange_terracotta":9,"minecraft:andesite":7,"minecraft:golden_leggings":3,"minecraft:oak_sapling":5,"minecraft:waxed_oxidized_cut_copper":16,"minecraft:golden_sword":11,"minecraft:spruce_log":379,"minecraft:brain_coral":1,"minecraft:waxed_chiseled_copper":4,"minecraft:diamond_boots":187,"minecraft:stone_pickaxe":3,"minecraft:raw_gold":5,"minecraft:magma_cream":10,"minecraft:dead_brain_coral_block":7,"minecraft:nautilus_shell":3,"minecraft:calcite":43,"minecraft:heartbreak_pottery_sherd":3,"minecraft:waxed_oxidized_copper_grate":11,"minecraft:amethyst_cluster":1,"minecraft:brick":20}},"DataVersion":3955}