{"stats":{"minecraft:broken":{"minecraft:stone_pickaxe":3,"minecraft:stone_axe":7,"minecraft:iron_sword":1,"minecraft:wooden_axe":1,"minecraft:stone_sword":2,"minecraft:chainmail_helmet":1,"minecraft:brush":4,"minecraft:iron_axe":1,"minecraft:iron_pickaxe":1},"minecraft:killed":{"minecraft:witch":15,"minecraft:spider":82,"minecraft:pufferfish":1,"minecraft:skeleton":554,"minecraft:fox":4,"minecraft:chicken":29,"minecraft:turtle":2,"minecraft:wolf":6,"minecraft:pig":2,"minecraft:zombie_villager":9,"minecraft:creeper":500,"minecraft:sheep":7,"minecraft:trader_llama":2,"minecraft:goat":3,"minecraft:zombie":507,"minecraft:mooshroom":15,"minecraft:cow":10,"minecraft:armadillo":1,"minecraft:drowned":3,"minecraft:ocelot":1,"minecraft:rabbit":1,"minecraft:polar_bear":1,"minecraft:enderman":1},"minecraft:used":{"minecraft:moss_block":189,"minecraft:blue_terracotta":2,"minecraft:writable_book":10,"minecraft:iron_shovel":248,"minecraft:spruce_slab":685,"minecraft:ladder":23,"minecraft:decorated_pot":8,"minecraft:chest":72,"minecraft:white_terracotta":24,"minecraft:iron_sword":689,"minecraft:iron_chestplate":1,"minecraft:carrot":173,"minecraft:deepslate_brick_slab":196,"minecraft:tuff":32,"minecraft:snowball":85,"minecraft:milk_bucket":52,"minecraft:glow_squid_spawn_egg":1,"minecraft:glass":10,"minecraft:spruce_wood":14,"minecraft:grass_block":1,"minecraft:birch_sapling":14,"minecraft:iron_helmet":4,"minecraft:dark_oak_slab":86,"minecraft:item_frame":2,"minecraft:birch_trapdoor":38,"minecraft:bow":12,"minecraft:sweet_berries":2,"minecraft:oak_sapling":6,"minecraft:furnace":2,"minecraft:cooked_cod":3,"minecraft:egg":159,"minecraft:dark_oak_sapling":9,"minecraft:armadillo_spawn_egg":1,"minecraft:diorite":101,"minecraft:stone_pickaxe":346,"minecraft:prismarine":6,"minecraft:oak_planks":359,"minecraft:leather_chestplate":3,"minecraft:wooden_pickaxe":4,"minecraft:composter":5,"minecraft:clay":10,"minecraft:golden_apple":2,"minecraft:mushroom_stew":75,"minecraft:light_gray_terracotta":1,"minecraft:pumpkin_seeds":4,"minecraft:shears":8,"minecraft:dripstone_block":28,"minecraft:deepslate_brick_stairs":2,"minecraft:deepslate_tiles":5,"minecraft:melon_slice":4,"minecraft:birch_slab":21,"minecraft:dark_oak_log":4,"minecraft:bread":58,"minecraft:wooden_sword":48,"minecraft:andesite":79,"minecraft:birch_log":1,"minecraft:ice":3,"minecraft:tropical_fish_bucket":3,"minecraft:bone_meal":1008,"minecraft:oak_fence":29,"minecraft:azalea":2,"minecraft:oak_trapdoor":18,"minecraft:stone_sword":284,"minecraft:flint_and_steel":2,"minecraft:carved_pumpkin":1,"minecraft:tropical_fish":1,"minecraft:stone_shovel":250,"minecraft:spruce_planks":454,"minecraft:stone_hoe":229,"minecraft:cooked_chicken":3,"minecraft:torch":71,"minecraft:dirt":239,"minecraft:white_carpet":4,"minecraft:sheaf_pottery_sherd":2,"minecraft:spruce_fence":9,"minecraft:glow_lichen":1,"minecraft:granite":89,"minecraft:dark_oak_planks":30,"minecraft:wooden_axe":67,"minecraft:flowering_azalea":2,"minecraft:iron_axe":384,"minecraft:rooted_dirt":4,"minecraft:iron_boots":3,"minecraft:melon_seeds":1,"minecraft:smooth_basalt":28,"minecraft:golden_carrot":16,"minecraft:minecart":8,"minecraft:pumpkin":7,"minecraft:cooked_beef":31,"minecraft:cobbled_deepslate":46,"minecraft:acacia_planks":29,"minecraft:calcite":66,"minecraft:wheat_seeds":409,"minecraft:cooked_mutton":4,"minecraft:water_bucket":14,"minecraft:amethyst_block":91,"minecraft:snow_block":2,"minecraft:birch_planks":420,"minecraft:copper_block":3,"minecraft:stonecutter":1,"minecraft:leather_boots":1,"minecraft:deepslate_bricks":73,"minecraft:rail":48,"minecraft:terracotta":27,"minecraft:crafting_table":14,"minecraft:oak_slab":264,"minecraft:white_bed":7,"minecraft:amethyst_cluster":2,"minecraft:gray_terracotta":9,"minecraft:spruce_log":16,"minecraft:deepslate_tile_wall":8,"minecraft:cake":1,"minecraft:wooden_hoe":1,"minecraft:diamond_pickaxe":141,"minecraft:apple":1,"minecraft:wind_charge":2,"minecraft:iron_pickaxe":948,"minecraft:leather_helmet":2,"minecraft:spruce_trapdoor":27,"minecraft:budding_amethyst":6,"minecraft:spruce_sapling":30,"minecraft:stone_axe":1086,"minecraft:cobblestone":193,"minecraft:bucket":14,"minecraft:jukebox":4,"minecraft:candle":5},"minecraft:custom":{"minecraft:animals_bred":63,"minecraft:interact_with_crafting_table":186,"minecraft:eat_cake_slice":2,"minecraft:leave_game":3,"minecraft:time_since_death":120439,"minecraft:sprint_one_cm":818717,"minecraft:drop":222,"minecraft:talked_to_villager":12,"minecraft:play_time":538837,"minecraft:deaths":31,"minecraft:jump":3811,"minecraft:walk_on_water_one_cm":21889,"minecraft:interact_with_furnace":190,"minecraft:play_record":21,"minecraft:traded_with_villager":2,"minecraft:damage_dealt":42362,"minecraft:player_kills":3,"minecraft:crouch_one_cm":399316,"minecraft:mob_kills":1794,"minecraft:damage_dealt_resisted":357,"minecraft:climb_one_cm":42962,"minecraft:walk_one_cm":1537506,"minecraft:sneak_time":78441,"minecraft:walk_under_water_one_cm":10278,"minecraft:total_world_time":538837,"minecraft:interact_with_stonecutter":9,"minecraft:time_since_rest":120463,"minecraft:damage_taken":21708,"minecraft:damage_absorbed":46,"minecraft:swim_one_cm":7788,"minecraft:fly_one_cm":527262,"minecraft:open_chest":1058,"minecraft:fall_one_cm":79485},"minecraft:killed_by":{"minecraft:witch":7,"minecraft:zombie":7,"minecraft:player":6,"minecraft:wolf":1,"minecraft:stray":1,"minecraft:spider":2,"minecraft:skeleton":5},"minecraft:crafted":{"minecraft:oak_planks":480,"minecraft:cooked_chicken":3,"minecraft:wolf_armor":3,"minecraft:birch_slab":18,"minecraft:stone":3,"minecraft:cooked_mutton":4,"minecraft:deepslate_brick_stairs":2,"minecraft:cake":1,"minecraft:glass":12,"minecraft:bow":5,"minecraft:iron_boots":1,"minecraft:raw_copper":9,"minecraft:melon_seeds":1,"minecraft:decorated_pot":8,"minecraft:chest":4,"minecraft:copper_block":3,"minecraft:rail":16,"minecraft:stone_hoe":5,"minecraft:oak_fence":33,"minecraft:item_frame":1,"minecraft:oak_slab":300,"minecraft:wooden_shovel":1,"minecraft:emerald":1,"minecraft:crafting_table":6,"minecraft:spruce_planks":984,"minecraft:iron_helmet":1,"minecraft:wooden_pickaxe":1,"minecraft:brush":4,"minecraft:copper_ingot":71,"minecraft:birch_planks":412,"minecraft:diamond_pickaxe":1,"minecraft:spruce_trapdoor":28,"minecraft:dark_oak_slab":96,"minecraft:iron_chestplate":1,"minecraft:wooden_hoe":1,"minecraft:shield":1,"minecraft:charcoal":4,"minecraft:stick":192,"minecraft:iron_ingot":73,"minecraft:leather_chestplate":2,"minecraft:iron_pickaxe":5,"minecraft:stone_sword":3,"minecraft:snow_block":7,"minecraft:gold_ingot":82,"minecraft:composter":2,"minecraft:shears":4,"minecraft:golden_carrot":15,"minecraft:raw_iron":18,"minecraft:stone_shovel":5,"minecraft:wind_charge":4,"minecraft:furnace":2,"minecraft:bone_meal":1041,"minecraft:spruce_fence":9,"minecraft:white_carpet":3,"minecraft:flint_and_steel":1,"minecraft:oak_trapdoor":16,"minecraft:terracotta":23,"minecraft:spruce_wood":102,"minecraft:iron_axe":4,"minecraft:ladder":27,"minecraft:spruce_slab":768,"minecraft:stone_pickaxe":3,"minecraft:dark_oak_planks":72,"minecraft:minecart":1,"minecraft:cooked_beef":31,"minecraft:cooked_cod":3,"minecraft:iron_sword":4,"minecraft:bowl":20,"minecraft:bucket":5,"minecraft:stone_axe":13,"minecraft:bread":70,"minecraft:air":0,"minecraft:blue_dye":2,"minecraft:golden_apple":7,"minecraft:gold_nugget":126,"minecraft:raw_gold":45,"minecraft:birch_trapdoor":36,"minecraft:wooden_axe":4,"minecraft:iron_shovel":5,"minecraft:stonecutter":1,"minecraft:white_bed":3,"minecraft:acacia_planks":20,"minecraft:torch":80,"minecraft:clay":33},"minecraft:picked_up":{"minecraft:wooden_axe":8,"minecraft:seagrass":2,"minecraft:iron_chestplate":2,"minecraft:wheat":323,"minecraft:prismarine_shard":5,"minecraft:chainmail_boots":3,"minecraft:potion":1,"minecraft:amethyst_block":141,"minecraft:dead_tube_coral_block":2,"minecraft:music_disc_cat":2,"minecraft:string":274,"minecraft:raw_copper":864,"minecraft:explorer_pottery_sherd":8,"minecraft:pufferfish":2,"minecraft:sea_pickle":2,"minecraft:deepslate_tiles":14,"minecraft:gold_nugget":4,"minecraft:cobbled_deepslate":112,"minecraft:bucket":8,"minecraft:spruce_planks":278,"minecraft:red_dye":2,"minecraft:cobblestone_slab":18,"minecraft:calcite":126,"minecraft:azalea":27,"minecraft:wooden_shovel":9,"minecraft:iron_pickaxe":24,"minecraft:melon_slice":248,"minecraft:iron_boots":10,"minecraft:tipped_arrow":3,"minecraft:golden_helmet":4,"minecraft:stick":150,"minecraft:sheaf_pottery_sherd":55,"minecraft:music_disc_blocks":6,"minecraft:jukebox":8,"minecraft:composter":4,"minecraft:birch_trapdoor":18,"minecraft:oak_fence":22,"minecraft:torch":89,"minecraft:porkchop":4,"minecraft:snow_block":8,"minecraft:pointed_dripstone":9,"minecraft:diorite":132,"minecraft:golden_chestplate":8,"minecraft:green_terracotta":2,"minecraft:shaper_armor_trim_smithing_template":3,"minecraft:stone_sword":4,"minecraft:horn_coral_fan":2,"minecraft:rotten_flesh":996,"minecraft:tropical_fish":18,"minecraft:cyan_terracotta":2,"minecraft:blue_dye":2,"minecraft:armadillo_scute":23,"minecraft:red_tulip":6,"minecraft:carved_pumpkin":33,"minecraft:white_terracotta":33,"minecraft:fire_coral_fan":2,"minecraft:host_armor_trim_smithing_template":3,"minecraft:cod":6,"minecraft:snowball":315,"minecraft:cobblestone":289,"minecraft:sponge":12,"minecraft:birch_log":108,"minecraft:leather_chestplate":16,"minecraft:feather":70,"minecraft:cooked_beef":16,"minecraft:birch_slab":8,"minecraft:water_bucket":2,"minecraft:andesite":97,"minecraft:golden_leggings":7,"minecraft:powder_snow_bucket":1,"minecraft:potato":6,"minecraft:flint":12,"minecraft:tuff":49,"minecraft:light_gray_dye":1,"minecraft:prismarine_bricks":12,"minecraft:map":1,"minecraft:lapis_lazuli":244,"minecraft:dirt":537,"minecraft:stripped_birch_log":2,"minecraft:disc_fragment_5":9,"minecraft:leather_boots":5,"minecraft:hanging_roots":5,"minecraft:bone":813,"minecraft:acacia_planks":42,"minecraft:gray_terracotta":22,"minecraft:bow":62,"minecraft:wheat_seeds":2084,"minecraft:small_dripleaf":18,"minecraft:deepslate_brick_slab":44,"minecraft:raw_gold":53,"minecraft:rabbit":23,"minecraft:glowstone_dust":9,"minecraft:moss_block":268,"minecraft:oak_planks":88,"minecraft:prismarine":48,"minecraft:pitcher_pod":4,"minecraft:stone_hoe":4,"minecraft:glow_lichen":12,"minecraft:music_disc_13":1,"minecraft:axolotl_bucket":3,"minecraft:sand":34,"minecraft:grass_block":1,"minecraft:dark_oak_log":57,"minecraft:dark_prismarine":13,"minecraft:light_gray_terracotta":11,"minecraft:blue_terracotta":17,"minecraft:sugar":7,"minecraft:diamond":23,"minecraft:writable_book":6,"minecraft:dead_brain_coral_block":12,"minecraft:granite":122,"minecraft:blue_ice":6,"minecraft:breeze_rod":4,"minecraft:bone_meal":78,"minecraft:plenty_pottery_sherd":5,"minecraft:golden_apple":27,"minecraft:chainmail_helmet":1,"minecraft:music_disc_precipice":5,"minecraft:bread":195,"minecraft:cyan_dye":6,"minecraft:rooted_dirt":46,"minecraft:oak_sapling":18,"minecraft:oak_leaves":5,"minecraft:music_disc_5":1,"minecraft:crafting_table":13,"minecraft:azure_bluet":2,"minecraft:chicken":54,"minecraft:ladder":43,"minecraft:clay_ball":224,"minecraft:leather_leggings":8,"minecraft:brown_mushroom":6,"minecraft:wooden_pickaxe":8,"minecraft:music_disc_creator":7,"minecraft:dead_horn_coral_block":5,"minecraft:oak_trapdoor":7,"minecraft:moss_carpet":22,"minecraft:iron_axe":19,"minecraft:wooden_sword":14,"minecraft:flint_and_steel":2,"minecraft:item_frame":1,"minecraft:white_carpet":1,"minecraft:iron_shovel":20,"minecraft:candle":23,"minecraft:beef":49,"minecraft:poppy":1,"minecraft:spruce_slab":36,"minecraft:minecart":10,"minecraft:chest":94,"minecraft:birch_sapling":25,"minecraft:raw_copper_block":1,"minecraft:egg":206,"minecraft:dark_oak_sapling":15,"minecraft:raw_iron":59,"minecraft:raw_gold_block":10,"minecraft:music_disc_relic":3,"minecraft:copper_ingot":81,"minecraft:bowl":5,"minecraft:amethyst_cluster":7,"minecraft:spruce_fence":2,"minecraft:music_disc_11":2,"minecraft:trident":2,"minecraft:carrot":711,"minecraft:redstone":134,"minecraft:prismarine_crystals":33,"minecraft:dark_oak_planks":11,"minecraft:howl_pottery_sherd":30,"minecraft:arrow":981,"minecraft:stone_shovel":3,"minecraft:shears":3,"minecraft:deepslate_bricks":40,"minecraft:gold_ingot":64,"minecraft:glow_berries":33,"minecraft:mutton":13,"minecraft:white_wool":30,"minecraft:rail":119,"minecraft:heartbreak_pottery_sherd":29,"minecraft:golden_carrot":4,"minecraft:salmon":5,"minecraft:leather":76,"minecraft:yellow_dye":6,"minecraft:music_disc_stal":7,"minecraft:filled_map":6,"minecraft:birch_planks":189,"minecraft:wolf_armor":1,"minecraft:ice":6,"minecraft:mushroom_stew":15,"minecraft:oak_log":115,"minecraft:chainmail_chestplate":1,"minecraft:golden_boots":1,"minecraft:gunpowder":1058,"minecraft:paper":44,"minecraft:cooked_mutton":1,"minecraft:coast_armor_trim_smithing_template":1,"minecraft:apple":16,"minecraft:creeper_spawn_egg":2,"minecraft:rabbit_hide":9,"minecraft:spore_blossom":3,"minecraft:iron_ingot":37,"minecraft:stone_pickaxe":23,"minecraft:blade_pottery_sherd":4,"minecraft:glass_bottle":4,"minecraft:iron_sword":13,"minecraft:flowering_azalea":16,"minecraft:music_disc_chirp":3,"minecraft:book":10,"minecraft:tropical_fish_bucket":1,"minecraft:oak_slab":46,"minecraft:milk_bucket":4,"minecraft:smooth_basalt":68,"minecraft:dark_oak_slab":40,"minecraft:pumpkin":22,"minecraft:sweet_berries":15,"minecraft:budding_amethyst":5,"minecraft:dandelion":8,"minecraft:spyglass":2,"minecraft:raw_iron_block":2,"minecraft:dripstone_block":92,"minecraft:gravel":36,"minecraft:dead_fire_coral_block":7,"minecraft:amethyst_shard":31,"minecraft:spruce_sapling":119,"minecraft:white_bed":4,"minecraft:spruce_log":443,"minecraft:spider_eye":62,"minecraft:leather_helmet":8,"minecraft:music_disc_mall":7,"minecraft:pumpkin_seeds":84,"minecraft:dried_kelp_block":7,"minecraft:stone_axe":8,"minecraft:short_grass":4,"minecraft:dead_bubble_coral_block":9,"minecraft:iron_helmet":10,"minecraft:terracotta":16,"minecraft:melon_seeds":2,"minecraft:coal":93,"minecraft:ender_pearl":4},"minecraft:dropped":{"minecraft:iron_sword":2,"minecraft:lapis_lazuli":41,"minecraft:oak_log":3,"minecraft:dark_oak_slab":2,"minecraft:glow_berries":3,"minecraft:leather":2,"minecraft:sheaf_pottery_sherd":12,"minecraft:rail":2,"minecraft:leather_helmet":1,"minecraft:cod":1,"minecraft:flint":1,"minecraft:cyan_terracotta":2,"minecraft:dirt":156,"minecraft:dark_oak_log":4,"minecraft:seagrass":2,"minecraft:music_disc_precipice":1,"minecraft:snowball":32,"minecraft:wooden_sword":1,"minecraft:writable_book":2,"minecraft:bone_meal":1,"minecraft:iron_pickaxe":2,"minecraft:birch_log":33,"minecraft:bone":46,"minecraft:gravel":1,"minecraft:stone_axe":4,"minecraft:golden_chestplate":1,"minecraft:pointed_dripstone":2,"minecraft:birch_sapling":11,"minecraft:rotten_flesh":36,"minecraft:prismarine":12,"minecraft:dead_fire_coral_block":4,"minecraft:salmon":1,"minecraft:carrot":360,"minecraft:wind_charge":2,"minecraft:poppy":1,"minecraft:leather_chestplate":1,"minecraft:trident":1,"minecraft:gunpowder":3,"minecraft:birch_trapdoor":1,"minecraft:horn_coral_fan":2,"minecraft:azalea":9,"minecraft:chest":2,"minecraft:arrow":9,"minecraft:beef":3,"minecraft:prismarine_bricks":4,"minecraft:dead_tube_coral_block":2,"minecraft:bread":15,"minecraft:stone_hoe":1,"minecraft:egg":7,"minecraft:iron_ingot":13,"minecraft:oak_slab":66,"minecraft:wheat_seeds":10,"minecraft:plenty_pottery_sherd":5,"minecraft:prismarine_shard":3,"minecraft:prismarine_crystals":20,"minecraft:feather":18,"minecraft:cobblestone":13,"minecraft:amethyst_block":16,"minecraft:granite":9,"minecraft:explorer_pottery_sherd":5,"minecraft:dead_horn_coral_block":5,"minecraft:tropical_fish":1,"minecraft:coal":10,"minecraft:mushroom_stew":4,"minecraft:pufferfish":1,"minecraft:stick":10,"minecraft:diorite":6,"minecraft:sponge":6,"minecraft:wooden_hoe":1,"minecraft:wooden_axe":2,"minecraft:flowering_azalea":7,"minecraft:iron_axe":3,"minecraft:iron_shovel":1,"minecraft:paper":10,"minecraft:string":10,"minecraft:bucket":3,"minecraft:spruce_sapling":19,"minecraft:dandelion":6,"minecraft:snow_block":2,"minecraft:blue_terracotta":9,"minecraft:moss_carpet":7,"minecraft:raw_copper":33,"minecraft:bowl":2,"minecraft:tuff":3,"minecraft:raw_iron":22,"minecraft:dead_bubble_coral_block":4,"minecraft:chicken":5,"minecraft:clay_ball":32,"minecraft:spruce_fence":2,"minecraft:shears":3,"minecraft:wolf_armor":1,"minecraft:filled_map":1,"minecraft:sea_pickle":2,"minecraft:howl_pottery_sherd":15,"minecraft:andesite":7,"minecraft:oak_sapling":3,"minecraft:wooden_shovel":1,"minecraft:bow":1,"minecraft:stone_pickaxe":3,"minecraft:dead_brain_coral_block":4,"minecraft:calcite":32,"minecraft:heartbreak_pottery_sherd":3},"minecraft:mined":{"minecraft:dark_oak_planks":10,"minecraft:spruce_planks":118,"minecraft:white_bed":4,"minecraft:oak_sapling":2,"minecraft:farmland":1,"minecraft:carved_pumpkin":7,"minecraft:spruce_trapdoor":1,"minecraft:granite":78,"minecraft:budding_amethyst":7,"minecraft:grass_block":98,"minecraft:dead_tube_coral_block":1,"minecraft:deepslate_bricks":23,"minecraft:tube_coral_block":1,"minecraft:bubble_coral_block":7,"minecraft:composter":4,"minecraft:raw_iron_block":1,"minecraft:iron_ore":36,"minecraft:cobbled_deepslate":24,"minecraft:moss_carpet":2,"minecraft:pumpkin":5,"minecraft:deepslate_lapis_ore":2,"minecraft:azure_bluet":1,"minecraft:small_amethyst_bud":1,"minecraft:azalea_leaves":5,"minecraft:azalea":9,"minecraft:brain_coral_block":11,"minecraft:spruce_slab":35,"minecraft:tripwire":1,"minecraft:gray_terracotta":4,"minecraft:cyan_terracotta":2,"minecraft:dead_bubble_coral_block":2,"minecraft:amethyst_cluster":1,"minecraft:powder_snow":14,"minecraft:clay":26,"minecraft:torch":16,"minecraft:light_gray_terracotta":11,"minecraft:calcite":73,"minecraft:melon":5,"minecraft:poppy":1,"minecraft:chest":60,"minecraft:glass":1,"minecraft:cobblestone":51,"minecraft:oak_planks":91,"minecraft:prismarine":49,"minecraft:wall_torch":2,"minecraft:amethyst_block":84,"minecraft:deepslate_copper_ore":13,"minecraft:birch_sapling":1,"minecraft:seagrass":1,"minecraft:white_terracotta":15,"minecraft:blue_terracotta":13,"minecraft:dark_oak_slab":4,"minecraft:birch_log":104,"minecraft:wheat":321,"minecraft:blue_ice":5,"minecraft:birch_trapdoor":11,"minecraft:jukebox":3,"minecraft:pumpkin_stem":1,"minecraft:oak_log":110,"minecraft:dark_oak_sapling":2,"minecraft:sand":34,"minecraft:dirt":68,"minecraft:smooth_basalt":32,"minecraft:raw_copper_block":3,"minecraft:horn_coral_block":5,"minecraft:oak_leaves":12,"minecraft:deepslate":46,"minecraft:suspicious_gravel":41,"minecraft:dark_prismarine":13,"minecraft:deepslate_tiles":8,"minecraft:diamond_ore":3,"minecraft:tuff":25,"minecraft:deepslate_diamond_ore":5,"minecraft:dark_oak_log":53,"minecraft:sea_lantern":13,"minecraft:ladder":2,"minecraft:spruce_fence":2,"minecraft:decorated_pot":8,"minecraft:birch_slab":11,"minecraft:spruce_leaves":21,"minecraft:moss_block":192,"minecraft:rooted_dirt":20,"minecraft:deepslate_brick_slab":21,"minecraft:oak_trapdoor":4,"minecraft:spruce_sapling":1,"minecraft:carrots":159,"minecraft:raw_gold_block":5,"minecraft:snow":25,"minecraft:andesite":61,"minecraft:green_terracotta":6,"minecraft:deepslate_iron_ore":20,"minecraft:cobblestone_slab":5,"minecraft:rail":36,"minecraft:packed_ice":13,"minecraft:fire_coral_block":5,"minecraft:stone":140,"minecraft:podzol":187,"minecraft:oak_slab":39,"minecraft:flowering_azalea":8,"minecraft:snow_block":51,"minecraft:dandelion":7,"minecraft:oak_fence":2,"minecraft:crafting_table":6,"minecraft:short_grass":70,"minecraft:sponge":12,"minecraft:copper_ore":70,"minecraft:tall_grass":35,"minecraft:deepslate_coal_ore":15,"minecraft:dried_kelp_block":7,"minecraft:lapis_ore":8,"minecraft:deepslate_gold_ore":12,"minecraft:diorite":75,"minecraft:prismarine_bricks":12,"minecraft:birch_planks":135,"minecraft:dead_fire_coral_block":2,"minecraft:sweet_berry_bush":2,"minecraft:ice":10,"minecraft:white_carpet":1,"minecraft:spruce_log":433,"minecraft:birch_leaves":2,"minecraft:dead_brain_coral_block":1,"minecraft:coal_ore":24,"minecraft:gravel":16,"minecraft:dripstone_block":65,"minecraft:acacia_planks":15,"minecraft:gold_ore":13}},"DataVersion":3955}