{"stats":{"minecraft:picked_up":{"minecraft:wooden_axe":6,"minecraft:iron_chestplate":2,"minecraft:wheat":110,"minecraft:chainmail_boots":1,"minecraft:amethyst_block":107,"minecraft:string":119,"minecraft:raw_copper":480,"minecraft:deepslate_tiles":7,"minecraft:gold_nugget":4,"minecraft:cobbled_deepslate":58,"minecraft:bucket":7,"minecraft:spruce_planks":122,"minecraft:red_dye":1,"minecraft:cobblestone_slab":17,"minecraft:calcite":87,"minecraft:azalea":11,"minecraft:wooden_shovel":6,"minecraft:iron_pickaxe":17,"minecraft:melon_slice":182,"minecraft:iron_boots":4,"minecraft:golden_helmet":1,"minecraft:tipped_arrow":2,"minecraft:stick":67,"minecraft:sheaf_pottery_sherd":10,"minecraft:music_disc_blocks":5,"minecraft:jukebox":5,"minecraft:birch_trapdoor":11,"minecraft:oak_fence":16,"minecraft:torch":33,"minecraft:snow_block":6,"minecraft:diorite":95,"minecraft:green_terracotta":1,"minecraft:shaper_armor_trim_smithing_template":1,"minecraft:rotten_flesh":136,"minecraft:tropical_fish":7,"minecraft:blue_dye":1,"minecraft:armadillo_scute":17,"minecraft:red_tulip":3,"minecraft:carved_pumpkin":27,"minecraft:white_terracotta":32,"minecraft:host_armor_trim_smithing_template":1,"minecraft:snowball":277,"minecraft:cod":5,"minecraft:cobblestone":210,"minecraft:birch_log":104,"minecraft:feather":26,"minecraft:cooked_beef":16,"minecraft:water_bucket":2,"minecraft:andesite":70,"minecraft:flint":6,"minecraft:tuff":23,"minecraft:dirt":297,"minecraft:map":1,"minecraft:lapis_lazuli":58,"minecraft:stripped_birch_log":1,"minecraft:disc_fragment_5":6,"minecraft:leather_boots":2,"minecraft:bone":183,"minecraft:gray_terracotta":11,"minecraft:bow":8,"minecraft:wheat_seeds":299,"minecraft:small_dripleaf":5,"minecraft:deepslate_brick_slab":5,"minecraft:raw_gold":39,"minecraft:rabbit":16,"minecraft:moss_block":79,"minecraft:pitcher_pod":2,"minecraft:oak_planks":56,"minecraft:stone_hoe":2,"minecraft:glow_lichen":4,"minecraft:axolotl_bucket":1,"minecraft:grass_block":1,"minecraft:dark_oak_log":11,"minecraft:light_gray_terracotta":5,"minecraft:blue_terracotta":4,"minecraft:sugar":2,"minecraft:diamond":4,"minecraft:writable_book":5,"minecraft:breeze_rod":2,"minecraft:blue_ice":4,"minecraft:granite":77,"minecraft:bone_meal":14,"minecraft:golden_apple":5,"minecraft:cyan_dye":4,"minecraft:music_disc_precipice":4,"minecraft:rooted_dirt":14,"minecraft:oak_sapling":11,"minecraft:oak_leaves":3,"minecraft:crafting_table":12,"minecraft:azure_bluet":1,"minecraft:chicken":14,"minecraft:ladder":9,"minecraft:clay_ball":140,"minecraft:brown_mushroom":4,"minecraft:wooden_pickaxe":4,"minecraft:music_disc_creator":6,"minecraft:oak_trapdoor":6,"minecraft:iron_axe":18,"minecraft:wooden_sword":12,"minecraft:flint_and_steel":1,"minecraft:white_carpet":1,"minecraft:iron_shovel":10,"minecraft:candle":15,"minecraft:beef":35,"minecraft:minecart":4,"minecraft:poppy":1,"minecraft:spruce_slab":11,"minecraft:chest":54,"minecraft:birch_sapling":23,"minecraft:raw_copper_block":1,"minecraft:egg":105,"minecraft:dark_oak_sapling":6,"minecraft:raw_iron":46,"minecraft:raw_gold_block":10,"minecraft:music_disc_relic":2,"minecraft:copper_ingot":19,"minecraft:bowl":3,"minecraft:amethyst_cluster":2,"minecraft:music_disc_11":1,"minecraft:carrot":132,"minecraft:redstone":6,"minecraft:dark_oak_planks":7,"minecraft:howl_pottery_sherd":9,"minecraft:arrow":225,"minecraft:stone_shovel":2,"minecraft:shears":1,"minecraft:deepslate_bricks":38,"minecraft:gold_ingot":8,"minecraft:mutton":8,"minecraft:glow_berries":13,"minecraft:white_wool":20,"minecraft:rail":67,"minecraft:heartbreak_pottery_sherd":10,"minecraft:golden_carrot":4,"minecraft:salmon":2,"minecraft:leather":39,"minecraft:yellow_dye":3,"minecraft:music_disc_stal":3,"minecraft:birch_planks":174,"minecraft:filled_map":5,"minecraft:wolf_armor":1,"minecraft:ice":4,"minecraft:mushroom_stew":7,"minecraft:oak_log":93,"minecraft:gunpowder":158,"minecraft:paper":34,"minecraft:cooked_mutton":1,"minecraft:apple":16,"minecraft:creeper_spawn_egg":1,"minecraft:rabbit_hide":5,"minecraft:iron_ingot":26,"minecraft:stone_pickaxe":16,"minecraft:music_disc_chirp":2,"minecraft:iron_sword":12,"minecraft:flowering_azalea":5,"minecraft:book":6,"minecraft:oak_slab":24,"minecraft:milk_bucket":2,"minecraft:smooth_basalt":52,"minecraft:pumpkin":16,"minecraft:sweet_berries":11,"minecraft:budding_amethyst":4,"minecraft:dandelion":7,"minecraft:spyglass":1,"minecraft:raw_iron_block":1,"minecraft:dripstone_block":56,"minecraft:gravel":10,"minecraft:amethyst_shard":12,"minecraft:spruce_sapling":26,"minecraft:spruce_log":53,"minecraft:leather_helmet":1,"minecraft:spider_eye":27,"minecraft:music_disc_mall":6,"minecraft:pumpkin_seeds":55,"minecraft:stone_axe":2,"minecraft:short_grass":2,"minecraft:iron_helmet":4,"minecraft:terracotta":16,"minecraft:melon_seeds":1,"minecraft:coal":52,"minecraft:ender_pearl":3},"minecraft:killed":{"minecraft:witch":1,"minecraft:spider":39,"minecraft:skeleton":103,"minecraft:fox":4,"minecraft:chicken":9,"minecraft:wolf":6,"minecraft:zombie_villager":2,"minecraft:creeper":84,"minecraft:sheep":3,"minecraft:goat":3,"minecraft:zombie":77,"minecraft:mooshroom":13,"minecraft:cow":9,"minecraft:ocelot":1,"minecraft:rabbit":1,"minecraft:polar_bear":1,"minecraft:enderman":1},"minecraft:custom":{"minecraft:animals_bred":55,"minecraft:interact_with_crafting_table":128,"minecraft:eat_cake_slice":2,"minecraft:leave_game":1,"minecraft:time_since_death":36286,"minecraft:sprint_one_cm":481406,"minecraft:drop":107,"minecraft:talked_to_villager":3,"minecraft:play_time":322947,"minecraft:deaths":17,"minecraft:jump":2257,"minecraft:walk_on_water_one_cm":19422,"minecraft:interact_with_furnace":169,"minecraft:play_record":19,"minecraft:damage_dealt":17799,"minecraft:player_kills":3,"minecraft:crouch_one_cm":223596,"minecraft:mob_kills":364,"minecraft:damage_dealt_resisted":207,"minecraft:climb_one_cm":35199,"minecraft:walk_one_cm":899408,"minecraft:sneak_time":47911,"minecraft:walk_under_water_one_cm":8241,"minecraft:total_world_time":322947,"minecraft:interact_with_stonecutter":8,"minecraft:time_since_rest":36316,"minecraft:damage_taken":14559,"minecraft:damage_absorbed":46,"minecraft:swim_one_cm":7788,"minecraft:fly_one_cm":275906,"minecraft:open_chest":676,"minecraft:fall_one_cm":45339},"minecraft:mined":{"minecraft:dark_oak_planks":6,"minecraft:spruce_planks":15,"minecraft:oak_sapling":2,"minecraft:carved_pumpkin":7,"minecraft:granite":54,"minecraft:budding_amethyst":6,"minecraft:grass_block":93,"minecraft:deepslate_bricks":21,"minecraft:cobbled_deepslate":2,"minecraft:iron_ore":31,"minecraft:pumpkin":5,"minecraft:deepslate_lapis_ore":2,"minecraft:azure_bluet":1,"minecraft:small_amethyst_bud":1,"minecraft:spruce_slab":9,"minecraft:tripwire":1,"minecraft:gray_terracotta":1,"minecraft:amethyst_cluster":1,"minecraft:powder_snow":14,"minecraft:clay":18,"minecraft:torch":8,"minecraft:light_gray_terracotta":10,"minecraft:calcite":66,"minecraft:poppy":1,"minecraft:melon":4,"minecraft:chest":36,"minecraft:cobblestone":20,"minecraft:oak_planks":60,"minecraft:wall_torch":1,"minecraft:amethyst_block":71,"minecraft:deepslate_copper_ore":5,"minecraft:birch_sapling":1,"minecraft:white_terracotta":15,"minecraft:blue_terracotta":1,"minecraft:birch_log":100,"minecraft:wheat":105,"minecraft:blue_ice":5,"minecraft:birch_trapdoor":11,"minecraft:pumpkin_stem":1,"minecraft:oak_log":88,"minecraft:dirt":46,"minecraft:smooth_basalt":28,"minecraft:raw_copper_block":3,"minecraft:oak_leaves":7,"minecraft:deepslate":17,"minecraft:suspicious_gravel":22,"minecraft:deepslate_tiles":4,"minecraft:diamond_ore":1,"minecraft:tuff":20,"minecraft:deepslate_diamond_ore":2,"minecraft:dark_oak_log":7,"minecraft:ladder":2,"minecraft:decorated_pot":1,"minecraft:spruce_leaves":21,"minecraft:moss_block":50,"minecraft:rooted_dirt":17,"minecraft:deepslate_brick_slab":5,"minecraft:oak_trapdoor":4,"minecraft:spruce_sapling":1,"minecraft:carrots":15,"minecraft:raw_gold_block":5,"minecraft:snow":24,"minecraft:green_terracotta":5,"minecraft:andesite":50,"minecraft:deepslate_iron_ore":12,"minecraft:rail":13,"minecraft:packed_ice":12,"minecraft:stone":125,"minecraft:podzol":7,"minecraft:oak_slab":24,"minecraft:snow_block":51,"minecraft:dandelion":7,"minecraft:oak_fence":1,"minecraft:crafting_table":5,"minecraft:short_grass":29,"minecraft:tall_grass":18,"minecraft:copper_ore":59,"minecraft:deepslate_coal_ore":6,"minecraft:lapis_ore":2,"minecraft:deepslate_gold_ore":9,"minecraft:diorite":64,"minecraft:birch_planks":129,"minecraft:sweet_berry_bush":2,"minecraft:ice":10,"minecraft:spruce_log":47,"minecraft:white_carpet":1,"minecraft:birch_leaves":2,"minecraft:coal_ore":21,"minecraft:gravel":2,"minecraft:dripstone_block":42,"minecraft:gold_ore":10},"minecraft:broken":{"minecraft:stone_pickaxe":2,"minecraft:stone_axe":2,"minecraft:wooden_axe":1,"minecraft:brush":4,"minecraft:iron_axe":1,"minecraft:iron_pickaxe":1},"minecraft:crafted":{"minecraft:oak_planks":404,"minecraft:cooked_chicken":3,"minecraft:wolf_armor":3,"minecraft:stone":3,"minecraft:cooked_mutton":4,"minecraft:deepslate_brick_stairs":2,"minecraft:cake":1,"minecraft:iron_boots":1,"minecraft:bow":2,"minecraft:raw_copper":9,"minecraft:melon_seeds":1,"minecraft:decorated_pot":8,"minecraft:copper_block":3,"minecraft:rail":16,"minecraft:stone_hoe":2,"minecraft:oak_fence":33,"minecraft:item_frame":1,"minecraft:oak_slab":186,"minecraft:wooden_shovel":1,"minecraft:crafting_table":4,"minecraft:spruce_planks":240,"minecraft:iron_helmet":1,"minecraft:wooden_pickaxe":1,"minecraft:brush":4,"minecraft:copper_ingot":71,"minecraft:birch_planks":404,"minecraft:spruce_trapdoor":24,"minecraft:iron_chestplate":1,"minecraft:wooden_hoe":1,"minecraft:charcoal":4,"minecraft:stick":160,"minecraft:iron_ingot":67,"minecraft:iron_pickaxe":4,"minecraft:snow_block":7,"minecraft:gold_ingot":82,"minecraft:shears":4,"minecraft:golden_carrot":15,"minecraft:raw_iron":9,"minecraft:stone_shovel":2,"minecraft:wind_charge":4,"minecraft:furnace":2,"minecraft:bone_meal":174,"minecraft:white_carpet":3,"minecraft:flint_and_steel":1,"minecraft:oak_trapdoor":16,"minecraft:terracotta":23,"minecraft:iron_axe":4,"minecraft:ladder":27,"minecraft:spruce_slab":12,"minecraft:stone_pickaxe":2,"minecraft:dark_oak_planks":28,"minecraft:minecart":1,"minecraft:cooked_beef":31,"minecraft:cooked_cod":3,"minecraft:iron_sword":3,"minecraft:bowl":16,"minecraft:bucket":4,"minecraft:stone_axe":2,"minecraft:air":0,"minecraft:blue_dye":2,"minecraft:golden_apple":3,"minecraft:gold_nugget":126,"minecraft:raw_gold":45,"minecraft:wooden_axe":4,"minecraft:birch_trapdoor":36,"minecraft:iron_shovel":5,"minecraft:stonecutter":1,"minecraft:acacia_planks":4,"minecraft:torch":12,"minecraft:clay":33},"minecraft:dropped":{"minecraft:iron_sword":2,"minecraft:lapis_lazuli":41,"minecraft:oak_log":1,"minecraft:rail":2,"minecraft:flint":1,"minecraft:dirt":26,"minecraft:music_disc_precipice":1,"minecraft:snowball":32,"minecraft:wooden_sword":1,"minecraft:writable_book":2,"minecraft:iron_pickaxe":1,"minecraft:birch_log":32,"minecraft:bone":46,"minecraft:birch_sapling":11,"minecraft:rotten_flesh":9,"minecraft:wind_charge":2,"minecraft:poppy":1,"minecraft:birch_trapdoor":1,"minecraft:arrow":6,"minecraft:iron_ingot":13,"minecraft:oak_slab":66,"minecraft:wheat_seeds":3,"minecraft:cobblestone":13,"minecraft:amethyst_block":12,"minecraft:granite":3,"minecraft:mushroom_stew":4,"minecraft:stick":6,"minecraft:diorite":2,"minecraft:wooden_hoe":1,"minecraft:wooden_axe":2,"minecraft:iron_axe":3,"minecraft:iron_shovel":1,"minecraft:paper":10,"minecraft:string":8,"minecraft:bucket":3,"minecraft:spruce_sapling":3,"minecraft:dandelion":6,"minecraft:snow_block":2,"minecraft:blue_terracotta":2,"minecraft:raw_copper":15,"minecraft:bowl":2,"minecraft:shears":3,"minecraft:filled_map":1,"minecraft:wolf_armor":1,"minecraft:andesite":1,"minecraft:oak_sapling":3,"minecraft:wooden_shovel":1,"minecraft:stone_pickaxe":1},"minecraft:used":{"minecraft:blue_terracotta":2,"minecraft:writable_book":9,"minecraft:iron_shovel":138,"minecraft:spruce_slab":11,"minecraft:ladder":23,"minecraft:decorated_pot":8,"minecraft:chest":26,"minecraft:white_terracotta":24,"minecraft:iron_sword":334,"minecraft:iron_chestplate":1,"minecraft:carrot":22,"minecraft:deepslate_brick_slab":155,"minecraft:snowball":85,"minecraft:milk_bucket":44,"minecraft:glow_squid_spawn_egg":1,"minecraft:grass_block":1,"minecraft:birch_sapling":14,"minecraft:iron_helmet":2,"minecraft:item_frame":1,"minecraft:birch_trapdoor":38,"minecraft:bow":3,"minecraft:sweet_berries":2,"minecraft:oak_sapling":1,"minecraft:furnace":2,"minecraft:cooked_cod":3,"minecraft:egg":96,"minecraft:armadillo_spawn_egg":1,"minecraft:diorite":68,"minecraft:stone_pickaxe":262,"minecraft:oak_planks":349,"minecraft:wooden_pickaxe":4,"minecraft:clay":10,"minecraft:golden_apple":2,"minecraft:mushroom_stew":66,"minecraft:light_gray_terracotta":1,"minecraft:dripstone_block":23,"minecraft:shears":8,"minecraft:pumpkin_seeds":4,"minecraft:deepslate_brick_stairs":2,"minecraft:deepslate_tiles":4,"minecraft:dark_oak_log":4,"minecraft:melon_slice":4,"minecraft:wooden_sword":47,"minecraft:birch_log":1,"minecraft:andesite":56,"minecraft:ice":3,"minecraft:tropical_fish_bucket":1,"minecraft:bone_meal":174,"minecraft:azalea":1,"minecraft:oak_trapdoor":18,"minecraft:oak_fence":29,"minecraft:flint_and_steel":2,"minecraft:carved_pumpkin":1,"minecraft:stone_shovel":81,"minecraft:spruce_planks":105,"minecraft:stone_hoe":28,"minecraft:cooked_chicken":3,"minecraft:torch":23,"minecraft:dirt":123,"minecraft:white_carpet":4,"minecraft:sheaf_pottery_sherd":2,"minecraft:glow_lichen":1,"minecraft:granite":64,"minecraft:wooden_axe":67,"minecraft:dark_oak_planks":29,"minecraft:iron_axe":375,"minecraft:iron_boots":1,"minecraft:melon_seeds":1,"minecraft:smooth_basalt":28,"minecraft:golden_carrot":16,"minecraft:minecart":3,"minecraft:cooked_beef":31,"minecraft:cobbled_deepslate":6,"minecraft:pumpkin":7,"minecraft:calcite":65,"minecraft:wheat_seeds":143,"minecraft:cooked_mutton":4,"minecraft:water_bucket":11,"minecraft:amethyst_block":78,"minecraft:snow_block":2,"minecraft:birch_planks":420,"minecraft:copper_block":3,"minecraft:stonecutter":1,"minecraft:leather_boots":1,"minecraft:deepslate_bricks":72,"minecraft:rail":19,"minecraft:terracotta":27,"minecraft:oak_slab":137,"minecraft:crafting_table":8,"minecraft:cake":1,"minecraft:spruce_log":12,"minecraft:amethyst_cluster":2,"minecraft:deepslate_tile_wall":8,"minecraft:wooden_hoe":1,"minecraft:apple":1,"minecraft:wind_charge":2,"minecraft:iron_pickaxe":664,"minecraft:leather_helmet":2,"minecraft:spruce_trapdoor":24,"minecraft:spruce_sapling":6,"minecraft:budding_amethyst":5,"minecraft:stone_axe":224,"minecraft:cobblestone":148,"minecraft:bucket":10,"minecraft:candle":5,"minecraft:jukebox":4},"minecraft:killed_by":{"minecraft:witch":3,"minecraft:zombie":2,"minecraft:player":6,"minecraft:stray":1,"minecraft:spider":2,"minecraft:skeleton":1}},"DataVersion":3955}