{"stats":{"minecraft:killed_by":{"minecraft:zombie":7,"minecraft:wolf":1,"minecraft:stray":1,"minecraft:witch":7,"minecraft:player":7,"minecraft:spider":2,"minecraft:skeleton":5},"minecraft:used":{"minecraft:moss_block":197,"minecraft:writable_book":11,"minecraft:spruce_slab":2520,"minecraft:ladder":276,"minecraft:chest":82,"minecraft:rotten_flesh":2,"minecraft:deepslate_brick_slab":196,"minecraft:snowball":85,"minecraft:spruce_boat":2,"minecraft:grass_block":1,"minecraft:birch_sapling":14,"minecraft:dark_oak_slab":86,"minecraft:bow":12,"minecraft:sweet_berries":2,"minecraft:oak_sapling":6,"minecraft:furnace":3,"minecraft:cooked_cod":3,"minecraft:egg":319,"minecraft:armadillo_spawn_egg":1,"minecraft:diorite":101,"minecraft:spruce_door":3,"minecraft:prismarine":6,"minecraft:leather_chestplate":3,"minecraft:wooden_pickaxe":4,"minecraft:composter":5,"minecraft:clay":10,"minecraft:golden_apple":2,"minecraft:sand":5,"minecraft:blast_furnace":1,"minecraft:pumpkin_seeds":4,"minecraft:deepslate_brick_stairs":2,"minecraft:deepslate_tiles":5,"minecraft:birch_slab":21,"minecraft:diamond_sword":228,"minecraft:wooden_sword":48,"minecraft:smithing_table":1,"minecraft:birch_log":1,"minecraft:ice":3,"minecraft:oak_boat":1,"minecraft:oak_trapdoor":18,"minecraft:stone_sword":298,"minecraft:carved_pumpkin":1,"minecraft:wither_skeleton_spawn_egg":1,"minecraft:torch":135,"minecraft:chainmail_chestplate":1,"minecraft:glow_lichen":1,"minecraft:flowering_azalea":2,"minecraft:iron_axe":384,"minecraft:rooted_dirt":4,"minecraft:melon_seeds":1,"minecraft:smooth_basalt":28,"minecraft:diamond_chestplate":1,"minecraft:acacia_planks":29,"minecraft:cobbled_deepslate":54,"minecraft:calcite":66,"minecraft:wheat_seeds":431,"minecraft:water_bucket":144,"minecraft:birch_planks":420,"minecraft:fletching_table":1,"minecraft:leather_boots":1,"minecraft:deepslate_bricks":73,"minecraft:rail":48,"minecraft:crafting_table":24,"minecraft:oak_slab":264,"minecraft:white_bed":19,"minecraft:campfire":9,"minecraft:cake":1,"minecraft:spruce_log":33,"minecraft:deepslate_tile_wall":8,"minecraft:amethyst_cluster":2,"minecraft:diamond_pickaxe":204,"minecraft:wind_charge":2,"minecraft:iron_pickaxe":948,"minecraft:suspicious_stew":2,"minecraft:leather_helmet":2,"minecraft:spruce_trapdoor":28,"minecraft:spruce_sapling":208,"minecraft:cobblestone":204,"minecraft:purple_bed":1,"minecraft:candle":5,"minecraft:jukebox":5,"minecraft:blue_terracotta":2,"minecraft:iron_shovel":258,"minecraft:decorated_pot":8,"minecraft:white_terracotta":24,"minecraft:iron_sword":689,"minecraft:iron_chestplate":1,"minecraft:carrot":173,"minecraft:tuff":32,"minecraft:axolotl_bucket":1,"minecraft:milk_bucket":52,"minecraft:glow_squid_spawn_egg":1,"minecraft:glass":10,"minecraft:spruce_wood":14,"minecraft:iron_helmet":4,"minecraft:item_frame":2,"minecraft:birch_trapdoor":38,"minecraft:dark_oak_sapling":9,"minecraft:stone_pickaxe":346,"minecraft:oak_planks":374,"minecraft:diamond_axe":4142,"minecraft:mushroom_stew":78,"minecraft:light_gray_terracotta":1,"minecraft:sponge":14,"minecraft:dripstone_block":28,"minecraft:shears":8,"minecraft:dark_oak_log":4,"minecraft:melon_slice":4,"minecraft:bread":58,"minecraft:andesite":79,"minecraft:tropical_fish_bucket":3,"minecraft:bone_meal":1151,"minecraft:azalea":2,"minecraft:oak_fence":29,"minecraft:flint_and_steel":2,"minecraft:tropical_fish":1,"minecraft:stone_shovel":260,"minecraft:spruce_planks":2154,"minecraft:stone_hoe":229,"minecraft:cooked_chicken":3,"minecraft:dirt":254,"minecraft:white_carpet":4,"minecraft:hopper":10,"minecraft:sheaf_pottery_sherd":2,"minecraft:spruce_fence":9,"minecraft:granite":89,"minecraft:dark_oak_planks":46,"minecraft:wooden_axe":67,"minecraft:iron_boots":3,"minecraft:golden_carrot":48,"minecraft:minecart":8,"minecraft:cooked_beef":33,"minecraft:powder_snow_bucket":1,"minecraft:pumpkin":7,"minecraft:cooked_mutton":4,"minecraft:amethyst_block":91,"minecraft:snow_block":2,"minecraft:copper_block":3,"minecraft:spruce_sign":11,"minecraft:stonecutter":1,"minecraft:terracotta":27,"minecraft:gray_terracotta":9,"minecraft:wooden_hoe":1,"minecraft:apple":1,"minecraft:budding_amethyst":6,"minecraft:stone_axe":1368,"minecraft:bucket":146},"minecraft:crafted":{"minecraft:smooth_stone":3,"minecraft:purple_bed":1,"minecraft:wolf_armor":3,"minecraft:birch_slab":18,"minecraft:cooked_mutton":4,"minecraft:deepslate_brick_stairs":2,"minecraft:glass":12,"minecraft:melon_seeds":1,"minecraft:decorated_pot":8,"minecraft:wooden_shovel":1,"minecraft:emerald":879,"minecraft:diamond_axe":7,"minecraft:spruce_door":3,"minecraft:smithing_table":1,"minecraft:copper_ingot":71,"minecraft:fletching_table":1,"minecraft:campfire":9,"minecraft:wooden_hoe":1,"minecraft:iron_pickaxe":16,"minecraft:gold_ingot":82,"minecraft:composter":2,"minecraft:golden_carrot":108,"minecraft:stone_shovel":5,"minecraft:wind_charge":4,"minecraft:bone_meal":1431,"minecraft:spruce_fence":9,"minecraft:white_carpet":3,"minecraft:terracotta":23,"minecraft:ladder":486,"minecraft:spruce_slab":2070,"minecraft:stone_pickaxe":3,"minecraft:spruce_boat":3,"minecraft:dark_oak_planks":88,"minecraft:golden_apple":7,"minecraft:birch_trapdoor":36,"minecraft:wooden_axe":4,"minecraft:iron_shovel":6,"minecraft:white_bed":17,"minecraft:oak_planks":500,"minecraft:cooked_chicken":3,"minecraft:stone":6,"minecraft:suspicious_stew":2,"minecraft:cake":1,"minecraft:hopper":9,"minecraft:bow":5,"minecraft:iron_boots":1,"minecraft:raw_copper":9,"minecraft:chest":23,"minecraft:copper_block":3,"minecraft:rail":16,"minecraft:stone_hoe":5,"minecraft:oak_fence":33,"minecraft:oak_slab":300,"minecraft:item_frame":1,"minecraft:crafting_table":10,"minecraft:spruce_planks":12948,"minecraft:iron_helmet":1,"minecraft:wooden_pickaxe":1,"minecraft:brush":4,"minecraft:birch_planks":420,"minecraft:apple":80,"minecraft:spruce_trapdoor":30,"minecraft:dark_oak_slab":96,"minecraft:shield":1,"minecraft:iron_chestplate":1,"minecraft:diamond_pickaxe":3,"minecraft:charcoal":33,"minecraft:emerald_block":34,"minecraft:purple_dye":2,"minecraft:stick":18924,"minecraft:leather_chestplate":2,"minecraft:iron_ingot":95,"minecraft:stone_sword":3,"minecraft:snow_block":7,"minecraft:sponge":11,"minecraft:shears":6,"minecraft:cookie":180,"minecraft:raw_iron":18,"minecraft:furnace":4,"minecraft:blast_furnace":1,"minecraft:oak_trapdoor":16,"minecraft:flint_and_steel":1,"minecraft:iron_axe":4,"minecraft:spruce_wood":102,"minecraft:minecart":1,"minecraft:cooked_beef":33,"minecraft:cooked_cod":3,"minecraft:diamond_sword":1,"minecraft:spruce_sign":9,"minecraft:iron_sword":4,"minecraft:bell":4,"minecraft:bowl":20,"minecraft:bucket":5,"minecraft:stone_axe":64,"minecraft:bread":670,"minecraft:air":0,"minecraft:blue_dye":2,"minecraft:oak_boat":1,"minecraft:white_wool":2,"minecraft:gold_nugget":127,"minecraft:raw_gold":45,"minecraft:stonecutter":1,"minecraft:torch":136,"minecraft:acacia_planks":20,"minecraft:clay":33},"minecraft:dropped":{"minecraft:iron_sword":2,"minecraft:lapis_lazuli":62,"minecraft:spore_blossom":1,"minecraft:dark_oak_slab":2,"minecraft:cookie":126,"minecraft:glow_berries":3,"minecraft:sheaf_pottery_sherd":12,"minecraft:rail":2,"minecraft:leather_helmet":1,"minecraft:emerald":121,"minecraft:dirt":156,"minecraft:gold_nugget":1,"minecraft:writable_book":2,"minecraft:wooden_sword":1,"minecraft:bone_meal":1,"minecraft:iron_pickaxe":2,"minecraft:white_wool":4,"minecraft:bone":168,"minecraft:stone_axe":12,"minecraft:emerald_block":30,"minecraft:golden_chestplate":3,"minecraft:birch_sapling":11,"minecraft:wheat":2,"minecraft:rotten_flesh":172,"minecraft:glowstone_dust":1,"minecraft:white_bed":1,"minecraft:dead_fire_coral_block":15,"minecraft:salmon":1,"minecraft:wind_charge":2,"minecraft:beef":6,"minecraft:dead_tube_coral_block":10,"minecraft:egg":44,"minecraft:iron_ingot":13,"minecraft:golden_boots":2,"minecraft:shelter_pottery_sherd":8,"minecraft:wheat_seeds":30,"minecraft:feather":19,"minecraft:cobblestone":13,"minecraft:prismarine_crystals":23,"minecraft:apple":80,"minecraft:granite":10,"minecraft:explorer_pottery_sherd":8,"minecraft:spruce_door":1,"minecraft:coal":10,"minecraft:mushroom_stew":4,"minecraft:pufferfish":2,"minecraft:golden_carrot":30,"minecraft:sponge":6,"minecraft:wooden_hoe":1,"minecraft:wooden_axe":2,"minecraft:iron_shovel":1,"minecraft:paper":10,"minecraft:string":10,"minecraft:spruce_sapling":104,"minecraft:snow_block":2,"minecraft:moss_carpet":7,"minecraft:stone_sword":1,"minecraft:bowl":4,"minecraft:stone_shovel":1,"minecraft:chicken":6,"minecraft:clay_ball":56,"minecraft:spruce_fence":2,"minecraft:shears":3,"minecraft:wolf_armor":1,"minecraft:potato":1,"minecraft:spruce_boat":1,"minecraft:sea_pickle":2,"minecraft:allium":2,"minecraft:spruce_planks":241,"minecraft:diamond_pickaxe":1,"minecraft:howl_pottery_sherd":15,"minecraft:wooden_shovel":1,"minecraft:spider_eye":1,"minecraft:bow":15,"minecraft:dark_prismarine":8,"minecraft:moss_block":4,"minecraft:birch_planks":2,"minecraft:diamond_axe":2,"minecraft:oak_log":12,"minecraft:tide_armor_trim_smithing_template":2,"minecraft:leather":2,"minecraft:host_armor_trim_smithing_template":1,"minecraft:cod":5,"minecraft:flint":1,"minecraft:music_disc_13":1,"minecraft:cyan_terracotta":7,"minecraft:dark_oak_log":5,"minecraft:coast_armor_trim_smithing_template":1,"minecraft:seagrass":3,"minecraft:music_disc_precipice":1,"minecraft:snowball":32,"minecraft:birch_log":33,"minecraft:gravel":2,"minecraft:crimson_fungus":1,"minecraft:pointed_dripstone":2,"minecraft:prismarine":13,"minecraft:carrot":361,"minecraft:poppy":134,"minecraft:leather_chestplate":2,"minecraft:trident":1,"minecraft:gunpowder":212,"minecraft:birch_trapdoor":1,"minecraft:horn_coral_fan":2,"minecraft:azalea":16,"minecraft:chest":4,"minecraft:arrow":131,"minecraft:prismarine_bricks":11,"minecraft:stone_hoe":1,"minecraft:bread":695,"minecraft:oak_slab":72,"minecraft:plenty_pottery_sherd":5,"minecraft:prismarine_shard":3,"minecraft:amethyst_block":16,"minecraft:dead_horn_coral_block":5,"minecraft:tropical_fish":1,"minecraft:stick":34,"minecraft:diorite":6,"minecraft:torch":1,"minecraft:flowering_azalea":9,"minecraft:iron_axe":3,"minecraft:bucket":3,"minecraft:music_disc_cat":1,"minecraft:dandelion":6,"minecraft:smooth_basalt":2,"minecraft:redstone":9,"minecraft:blue_terracotta":9,"minecraft:kelp":1,"minecraft:raw_copper":56,"minecraft:tuff":3,"minecraft:raw_iron":22,"minecraft:dead_bubble_coral_block":4,"minecraft:filled_map":1,"minecraft:diamond_chestplate":2,"minecraft:andesite":7,"minecraft:golden_leggings":2,"minecraft:oak_sapling":3,"minecraft:brain_coral":1,"minecraft:spruce_log":89,"minecraft:stone_pickaxe":3,"minecraft:dead_brain_coral_block":5,"minecraft:calcite":40,"minecraft:nautilus_shell":3,"minecraft:heartbreak_pottery_sherd":3,"minecraft:amethyst_cluster":1},"minecraft:picked_up":{"minecraft:wooden_axe":8,"minecraft:seagrass":5,"minecraft:iron_chestplate":2,"minecraft:chainmail_boots":3,"minecraft:prismarine_shard":5,"minecraft:diamond_sword":1,"minecraft:amethyst_block":141,"minecraft:music_disc_cat":3,"minecraft:string":276,"minecraft:explorer_pottery_sherd":11,"minecraft:pufferfish":2,"minecraft:gold_nugget":5,"minecraft:cobbled_deepslate":115,"minecraft:spruce_planks":626,"minecraft:melon_slice":248,"minecraft:golden_helmet":4,"minecraft:sheaf_pottery_sherd":55,"minecraft:music_disc_blocks":7,"minecraft:jukebox":8,"minecraft:composter":4,"minecraft:golden_chestplate":11,"minecraft:green_terracotta":2,"minecraft:shaper_armor_trim_smithing_template":3,"minecraft:stone_sword":4,"minecraft:horn_coral_fan":2,"minecraft:tropical_fish":18,"minecraft:red_tulip":6,"minecraft:armadillo_scute":23,"minecraft:blue_dye":2,"minecraft:carved_pumpkin":33,"minecraft:cyan_terracotta":8,"minecraft:white_terracotta":33,"minecraft:host_armor_trim_smithing_template":4,"minecraft:snowball":315,"minecraft:sponge":15,"minecraft:birch_log":108,"minecraft:feather":96,"minecraft:cooked_beef":16,"minecraft:birch_slab":8,"minecraft:water_bucket":2,"minecraft:powder_snow_bucket":1,"minecraft:flint":12,"minecraft:map":1,"minecraft:disc_fragment_5":9,"minecraft:hanging_roots":5,"minecraft:gray_terracotta":22,"minecraft:rabbit":23,"minecraft:glowstone_dust":10,"minecraft:moss_block":274,"minecraft:pitcher_pod":4,"minecraft:glow_lichen":12,"minecraft:stripped_spruce_log":4,"minecraft:dark_oak_log":62,"minecraft:blue_terracotta":17,"minecraft:writable_book":7,"minecraft:dead_brain_coral_block":13,"minecraft:blue_ice":6,"minecraft:granite":123,"minecraft:cyan_dye":6,"minecraft:chainmail_helmet":1,"minecraft:bread":275,"minecraft:music_disc_precipice":5,"minecraft:rooted_dirt":46,"minecraft:plenty_pottery_sherd":5,"minecraft:crafting_table":20,"minecraft:diamond_pickaxe":1,"minecraft:music_disc_5":1,"minecraft:shelter_pottery_sherd":8,"minecraft:clay_ball":248,"minecraft:leather_leggings":8,"minecraft:music_disc_creator":10,"minecraft:dead_horn_coral_block":5,"minecraft:flint_and_steel":2,"minecraft:white_carpet":1,"minecraft:iron_shovel":21,"minecraft:beef":52,"minecraft:poppy":4,"minecraft:spruce_slab":639,"minecraft:minecart":10,"minecraft:chest":96,"minecraft:birch_sapling":25,"minecraft:raw_copper_block":1,"minecraft:egg":384,"minecraft:raw_gold_block":10,"minecraft:amethyst_cluster":8,"minecraft:spruce_fence":2,"minecraft:carrot":732,"minecraft:redstone":160,"minecraft:prismarine_crystals":39,"minecraft:stone_shovel":3,"minecraft:diamond_chestplate":3,"minecraft:shears":3,"minecraft:deepslate_bricks":40,"minecraft:gold_ingot":64,"minecraft:glow_berries":33,"minecraft:mutton":13,"minecraft:white_wool":74,"minecraft:rail":119,"minecraft:heartbreak_pottery_sherd":29,"minecraft:yellow_dye":6,"minecraft:red_mushroom":5,"minecraft:filled_map":6,"minecraft:oak_log":129,"minecraft:golden_boots":4,"minecraft:paper":44,"minecraft:apple":16,"minecraft:kelp":1,"minecraft:creeper_spawn_egg":2,"minecraft:spore_blossom":4,"minecraft:stone_pickaxe":23,"minecraft:blade_pottery_sherd":4,"minecraft:glass_bottle":6,"minecraft:iron_sword":13,"minecraft:flowering_azalea":18,"minecraft:dark_oak_slab":40,"minecraft:smooth_basalt":70,"minecraft:milk_bucket":4,"minecraft:sweet_berries":15,"minecraft:spyglass":2,"minecraft:gravel":37,"minecraft:dead_fire_coral_block":18,"minecraft:spruce_sapling":469,"minecraft:spruce_log":3592,"minecraft:leather_helmet":11,"minecraft:stone_axe":11,"minecraft:tide_armor_trim_smithing_template":2,"minecraft:short_grass":4,"minecraft:diamond_axe":2,"minecraft:melon_seeds":3,"minecraft:hopper":1,"minecraft:ender_pearl":4,"minecraft:wheat":339,"minecraft:potion":2,"minecraft:dead_tube_coral_block":10,"minecraft:raw_copper":872,"minecraft:sea_pickle":2,"minecraft:deepslate_tiles":14,"minecraft:smooth_stone":3,"minecraft:bucket":8,"minecraft:red_dye":2,"minecraft:cobblestone_slab":18,"minecraft:calcite":134,"minecraft:azalea":34,"minecraft:wooden_shovel":9,"minecraft:iron_pickaxe":24,"minecraft:iron_boots":11,"minecraft:furnace":2,"minecraft:tipped_arrow":3,"minecraft:stick":376,"minecraft:birch_trapdoor":18,"minecraft:oak_fence":22,"minecraft:torch":114,"minecraft:snow_block":8,"minecraft:porkchop":4,"minecraft:pointed_dripstone":9,"minecraft:diorite":132,"minecraft:rotten_flesh":1305,"minecraft:fire_coral_fan":2,"minecraft:cod":10,"minecraft:cobblestone":301,"minecraft:nautilus_shell":3,"minecraft:leather_chestplate":16,"minecraft:andesite":97,"minecraft:golden_leggings":9,"minecraft:potato":8,"minecraft:tuff":49,"minecraft:light_gray_dye":1,"minecraft:prismarine_bricks":19,"minecraft:lapis_lazuli":259,"minecraft:dirt":543,"minecraft:stripped_birch_log":2,"minecraft:leather_boots":5,"minecraft:bone":1169,"minecraft:acacia_planks":42,"minecraft:bow":87,"minecraft:wheat_seeds":2126,"minecraft:deepslate_brick_slab":44,"minecraft:small_dripleaf":18,"minecraft:raw_gold":53,"minecraft:prismarine":49,"minecraft:oak_planks":99,"minecraft:stone_hoe":4,"minecraft:brain_coral":1,"minecraft:music_disc_13":2,"minecraft:axolotl_bucket":3,"minecraft:sand":46,"minecraft:grass_block":1,"minecraft:dark_prismarine":20,"minecraft:light_gray_terracotta":11,"minecraft:sugar":9,"minecraft:diamond":23,"minecraft:spruce_boat":4,"minecraft:breeze_rod":4,"minecraft:bone_meal":121,"minecraft:golden_apple":27,"minecraft:spruce_sign":2,"minecraft:emerald":145,"minecraft:oak_sapling":18,"minecraft:oak_leaves":5,"minecraft:charcoal":22,"minecraft:allium":2,"minecraft:azure_bluet":2,"minecraft:chicken":79,"minecraft:ladder":67,"minecraft:brown_mushroom":6,"minecraft:wooden_pickaxe":8,"minecraft:oak_trapdoor":7,"minecraft:moss_carpet":22,"minecraft:iron_axe":19,"minecraft:wooden_sword":14,"minecraft:item_frame":1,"minecraft:candle":23,"minecraft:oak_boat":1,"minecraft:dark_oak_sapling":15,"minecraft:raw_iron":59,"minecraft:music_disc_relic":3,"minecraft:copper_ingot":81,"minecraft:bowl":5,"minecraft:music_disc_11":2,"minecraft:trident":2,"minecraft:dark_oak_planks":19,"minecraft:howl_pottery_sherd":30,"minecraft:arrow":1412,"minecraft:wet_sponge":14,"minecraft:golden_carrot":65,"minecraft:salmon":5,"minecraft:leather":76,"minecraft:music_disc_stal":10,"minecraft:birch_planks":189,"minecraft:wolf_armor":1,"minecraft:ice":6,"minecraft:mushroom_stew":15,"minecraft:crimson_fungus":1,"minecraft:chainmail_chestplate":2,"minecraft:gunpowder":1399,"minecraft:cooked_mutton":1,"minecraft:coast_armor_trim_smithing_template":2,"minecraft:rabbit_hide":9,"minecraft:iron_ingot":84,"minecraft:music_disc_chirp":3,"minecraft:book":10,"minecraft:tropical_fish_bucket":1,"minecraft:oak_slab":52,"minecraft:emerald_block":30,"minecraft:pumpkin":22,"minecraft:budding_amethyst":5,"minecraft:dandelion":8,"minecraft:dripstone_block":92,"minecraft:raw_iron_block":2,"minecraft:amethyst_shard":31,"minecraft:white_bed":4,"minecraft:spruce_door":1,"minecraft:spider_eye":64,"minecraft:pumpkin_seeds":84,"minecraft:music_disc_mall":7,"minecraft:dried_kelp_block":8,"minecraft:chainmail_leggings":1,"minecraft:dead_bubble_coral_block":9,"minecraft:iron_helmet":10,"minecraft:terracotta":16,"minecraft:coal":93},"minecraft:custom":{"minecraft:interact_with_crafting_table":266,"minecraft:eat_cake_slice":2,"minecraft:leave_game":7,"minecraft:time_since_death":246858,"minecraft:play_time":876135,"minecraft:deaths":32,"minecraft:jump":7137,"minecraft:interact_with_furnace":232,"minecraft:play_record":29,"minecraft:traded_with_villager":810,"minecraft:sleep_in_bed":3,"minecraft:damage_dealt":51681,"minecraft:inspect_hopper":5,"minecraft:sneak_time":149453,"minecraft:total_world_time":876135,"minecraft:interact_with_stonecutter":9,"minecraft:time_since_rest":133355,"minecraft:swim_one_cm":28744,"minecraft:fly_one_cm":1128671,"minecraft:open_chest":1332,"minecraft:fall_one_cm":160506,"minecraft:animals_bred":67,"minecraft:sprint_one_cm":1251668,"minecraft:drop":612,"minecraft:talked_to_villager":89,"minecraft:walk_on_water_one_cm":176947,"minecraft:player_kills":3,"minecraft:crouch_one_cm":734204,"minecraft:mob_kills":2593,"minecraft:damage_dealt_resisted":357,"minecraft:climb_one_cm":209720,"minecraft:walk_one_cm":2022332,"minecraft:walk_under_water_one_cm":26679,"minecraft:boat_one_cm":2762,"minecraft:damage_taken":24140,"minecraft:damage_absorbed":46},"minecraft:broken":{"minecraft:iron_boots":1,"minecraft:iron_sword":1,"minecraft:leather_helmet":2,"minecraft:stone_sword":2,"minecraft:chainmail_helmet":1,"minecraft:brush":4,"minecraft:iron_axe":1,"minecraft:iron_pickaxe":1,"minecraft:leather_leggings":2,"minecraft:stone_pickaxe":3,"minecraft:chainmail_chestplate":1,"minecraft:stone_axe":8,"minecraft:wooden_axe":1,"minecraft:diamond_axe":2},"minecraft:mined":{"minecraft:dark_oak_planks":18,"minecraft:white_bed":4,"minecraft:carved_pumpkin":7,"minecraft:granite":78,"minecraft:deepslate_bricks":23,"minecraft:bubble_coral_block":7,"minecraft:tube_coral_block":5,"minecraft:hopper":1,"minecraft:cobbled_deepslate":27,"minecraft:pumpkin":5,"minecraft:moss_carpet":2,"minecraft:deepslate_lapis_ore":3,"minecraft:small_amethyst_bud":1,"minecraft:tripwire":1,"minecraft:amethyst_cluster":1,"minecraft:powder_snow":14,"minecraft:torch":29,"minecraft:melon":5,"minecraft:spruce_wall_sign":2,"minecraft:glass":1,"minecraft:amethyst_block":84,"minecraft:birch_sapling":1,"minecraft:white_terracotta":15,"minecraft:wheat":336,"minecraft:jukebox":3,"minecraft:pumpkin_stem":1,"minecraft:dark_oak_sapling":2,"minecraft:smooth_basalt":33,"minecraft:deepslate":46,"minecraft:suspicious_gravel":45,"minecraft:deepslate_tiles":8,"minecraft:dark_prismarine":20,"minecraft:dark_oak_log":58,"minecraft:sea_lantern":16,"minecraft:spruce_fence":2,"minecraft:moss_block":197,"minecraft:snow":25,"minecraft:green_terracotta":6,"minecraft:andesite":61,"minecraft:cobblestone_slab":5,"minecraft:rail":36,"minecraft:fire_coral_block":10,"minecraft:oak_slab":54,"minecraft:dandelion":7,"minecraft:short_grass":71,"minecraft:sponge":12,"minecraft:tall_grass":35,"minecraft:copper_ore":71,"minecraft:dried_kelp_block":7,"minecraft:deepslate_gold_ore":12,"minecraft:diorite":75,"minecraft:white_carpet":1,"minecraft:spruce_log":3311,"minecraft:birch_leaves":2,"minecraft:gravel":18,"minecraft:dripstone_block":65,"minecraft:acacia_planks":15,"minecraft:gold_ore":13,"minecraft:spruce_planks":572,"minecraft:oak_sapling":2,"minecraft:farmland":1,"minecraft:spruce_trapdoor":1,"minecraft:budding_amethyst":7,"minecraft:grass_block":98,"minecraft:dead_tube_coral_block":1,"minecraft:composter":4,"minecraft:raw_iron_block":1,"minecraft:iron_ore":36,"minecraft:azure_bluet":1,"minecraft:azalea_leaves":6,"minecraft:azalea":9,"minecraft:brain_coral_block":12,"minecraft:spruce_slab":915,"minecraft:gray_terracotta":4,"minecraft:cyan_terracotta":8,"minecraft:dead_bubble_coral_block":2,"minecraft:clay":30,"minecraft:light_gray_terracotta":11,"minecraft:calcite":77,"minecraft:poppy":1,"minecraft:chest":62,"minecraft:cobblestone":60,"minecraft:prismarine":50,"minecraft:oak_planks":102,"minecraft:wall_torch":3,"minecraft:deepslate_copper_ore":14,"minecraft:seagrass":1,"minecraft:blue_terracotta":13,"minecraft:dark_oak_slab":4,"minecraft:birch_log":104,"minecraft:blue_ice":5,"minecraft:birch_trapdoor":11,"minecraft:oak_log":124,"minecraft:sand":47,"minecraft:dirt":68,"minecraft:raw_copper_block":3,"minecraft:oak_leaves":12,"minecraft:horn_coral_block":5,"minecraft:diamond_ore":3,"minecraft:tuff":25,"minecraft:deepslate_diamond_ore":5,"minecraft:ladder":24,"minecraft:decorated_pot":8,"minecraft:birch_slab":11,"minecraft:spruce_leaves":40,"minecraft:rooted_dirt":20,"minecraft:deepslate_brick_slab":21,"minecraft:oak_trapdoor":4,"minecraft:spruce_sapling":3,"minecraft:furnace":1,"minecraft:carrots":165,"minecraft:raw_gold_block":5,"minecraft:stripped_spruce_log":2,"minecraft:deepslate_iron_ore":20,"minecraft:packed_ice":13,"minecraft:wet_sponge":14,"minecraft:stone":141,"minecraft:podzol":193,"minecraft:flowering_azalea":8,"minecraft:snow_block":51,"minecraft:spruce_door":1,"minecraft:oak_fence":2,"minecraft:crafting_table":13,"minecraft:deepslate_coal_ore":15,"minecraft:lapis_ore":9,"minecraft:prismarine_bricks":19,"minecraft:dead_fire_coral_block":2,"minecraft:birch_planks":135,"minecraft:sweet_berry_bush":2,"minecraft:ice":10,"minecraft:dead_brain_coral_block":1,"minecraft:coal_ore":24},"minecraft:killed":{"minecraft:pufferfish":1,"minecraft:skeleton":806,"minecraft:fox":4,"minecraft:chicken":54,"minecraft:iron_golem":2,"minecraft:goat":3,"minecraft:zombie":732,"minecraft:cow":10,"minecraft:ocelot":1,"minecraft:rabbit":1,"minecraft:polar_bear":1,"minecraft:enderman":1,"minecraft:witch":21,"minecraft:spider":83,"minecraft:turtle":4,"minecraft:wolf":6,"minecraft:pig":2,"minecraft:zombie_villager":13,"minecraft:creeper":768,"minecraft:sheep":7,"minecraft:trader_llama":2,"minecraft:mooshroom":15,"minecraft:armadillo":1,"minecraft:drowned":3,"minecraft:wither_skeleton":1}},"DataVersion":3955}