{"stats":{"minecraft:used":{"minecraft:moss_block":239,"minecraft:tuff_bricks":29,"minecraft:writable_book":11,"minecraft:chiseled_tuff":4,"minecraft:dispenser":10,"minecraft:spruce_slab":7395,"minecraft:ladder":388,"minecraft:chest":195,"minecraft:rotten_flesh":2,"minecraft:stone":25,"minecraft:snowball":85,"minecraft:stripped_spruce_log":2,"minecraft:deepslate_brick_slab":197,"minecraft:spruce_boat":2,"minecraft:lava_bucket":10,"minecraft:grass_block":61,"minecraft:birch_sapling":14,"minecraft:quartz_block":12,"minecraft:dark_oak_slab":94,"minecraft:bow":497,"minecraft:sweet_berries":2,"minecraft:furnace":4,"minecraft:oak_sapling":12,"minecraft:cooked_cod":3,"minecraft:egg":414,"minecraft:damaged_anvil":1,"minecraft:armadillo_spawn_egg":1,"minecraft:diorite":119,"minecraft:spruce_door":4,"minecraft:prismarine":6,"minecraft:blackstone":26,"minecraft:leather_chestplate":3,"minecraft:wooden_pickaxe":4,"minecraft:composter":10,"minecraft:clay":11,"minecraft:oak_leaves":172,"minecraft:dark_oak_trapdoor":1,"minecraft:golden_apple":4,"minecraft:sand":6,"minecraft:blast_furnace":2,"minecraft:pumpkin_seeds":4,"minecraft:deepslate_brick_stairs":2,"minecraft:deepslate_tiles":17,"minecraft:red_sandstone":1,"minecraft:crying_obsidian":5,"minecraft:birch_slab":21,"minecraft:lectern":25,"minecraft:flowering_azalea_leaves":23,"minecraft:fire_charge":1,"minecraft:nether_wart_block":1,"minecraft:diamond_sword":1869,"minecraft:wooden_sword":48,"minecraft:oak_trapdoor":18,"minecraft:oak_boat":1,"minecraft:smithing_table":2,"minecraft:birch_log":1,"minecraft:ice":3,"minecraft:stone_sword":298,"minecraft:acacia_log":1,"minecraft:carved_pumpkin":1,"minecraft:wither_skeleton_spawn_egg":1,"minecraft:trial_key":15,"minecraft:netherrack":622,"minecraft:torch":260,"minecraft:anvil":21,"minecraft:brewing_stand":1,"minecraft:target":1,"minecraft:chainmail_chestplate":1,"minecraft:cod_bucket":4,"minecraft:glow_lichen":1,"minecraft:shroomlight":3,"minecraft:flowering_azalea":3,"minecraft:rooted_dirt":4,"minecraft:iron_axe":384,"minecraft:spruce_button":12,"minecraft:barrel":7,"minecraft:melon_seeds":1,"minecraft:smooth_basalt":31,"minecraft:bamboo":3,"minecraft:diamond_chestplate":4,"minecraft:tripwire_hook":412,"minecraft:basalt":19,"minecraft:podzol":116,"minecraft:orange_terracotta":2,"minecraft:cobbled_deepslate":61,"minecraft:acacia_planks":38,"minecraft:observer":16,"minecraft:pointed_dripstone":4,"minecraft:calcite":68,"minecraft:wheat_seeds":504,"minecraft:water_bucket":231,"minecraft:birch_planks":420,"minecraft:cauldron":4,"minecraft:fletching_table":3,"minecraft:leather_boots":1,"minecraft:spruce_fence_gate":3,"minecraft:deepslate_bricks":98,"minecraft:polished_blackstone_bricks":2,"minecraft:mossy_cobblestone":4,"minecraft:rail":48,"minecraft:crafting_table":37,"minecraft:white_bed":28,"minecraft:oak_slab":312,"minecraft:campfire":9,"minecraft:spruce_log":932,"minecraft:cake":1,"minecraft:deepslate_tile_wall":8,"minecraft:oak_log":4,"minecraft:amethyst_cluster":2,"minecraft:mud":6,"minecraft:diamond_pickaxe":5071,"minecraft:ominous_trial_key":3,"minecraft:diamond_shovel":655,"minecraft:wind_charge":6,"minecraft:spruce_pressure_plate":2,"minecraft:iron_pickaxe":948,"minecraft:leather_helmet":2,"minecraft:suspicious_stew":4,"minecraft:spruce_sapling":418,"minecraft:spruce_trapdoor":46,"minecraft:cobblestone":271,"minecraft:azalea_leaves":74,"minecraft:potion":9,"minecraft:purple_bed":1,"minecraft:diamond_leggings":5,"minecraft:candle":5,"minecraft:jukebox":6,"minecraft:moss_carpet":1,"minecraft:blue_terracotta":2,"minecraft:iron_shovel":548,"minecraft:diamond_hoe":52,"minecraft:decorated_pot":8,"minecraft:white_terracotta":28,"minecraft:iron_sword":689,"minecraft:iron_chestplate":1,"minecraft:spruce_leaves":1209,"minecraft:carrot":173,"minecraft:axolotl_bucket":1,"minecraft:tuff":32,"minecraft:obsidian":10,"minecraft:milk_bucket":53,"minecraft:honey_bottle":2,"minecraft:glow_squid_spawn_egg":1,"minecraft:glass":159,"minecraft:waxed_oxidized_copper":9,"minecraft:spruce_wood":1124,"minecraft:lantern":4,"minecraft:iron_helmet":4,"minecraft:item_frame":2,"minecraft:birch_trapdoor":38,"minecraft:magma_block":5,"minecraft:dark_oak_sapling":17,"minecraft:diamond_boots":4,"minecraft:stone_pickaxe":346,"minecraft:oak_planks":433,"minecraft:ender_pearl":2,"minecraft:sandstone":3,"minecraft:sugar_cane":17,"minecraft:diamond_axe":10535,"minecraft:yellow_terracotta":13,"minecraft:sponge":14,"minecraft:mushroom_stew":78,"minecraft:light_gray_terracotta":1,"minecraft:crossbow":21,"minecraft:shulker_spawn_egg":1,"minecraft:dripstone_block":29,"minecraft:shears":1536,"minecraft:creeper_spawn_egg":1,"minecraft:polished_tuff":1,"minecraft:redstone_torch":6,"minecraft:firework_rocket":1,"minecraft:melon_slice":4,"minecraft:bread":58,"minecraft:dark_oak_log":5,"minecraft:string":4,"minecraft:iron_door":2,"minecraft:air":6,"minecraft:andesite":82,"minecraft:grindstone":2,"minecraft:oak_fence":29,"minecraft:chain":6,"minecraft:tropical_fish_bucket":3,"minecraft:bone_meal":1462,"minecraft:azalea":2,"minecraft:flint_and_steel":3,"minecraft:tropical_fish":1,"minecraft:stone_shovel":260,"minecraft:redstone":29,"minecraft:spruce_planks":4147,"minecraft:stone_hoe":229,"minecraft:cooked_chicken":3,"minecraft:dirt":370,"minecraft:white_carpet":4,"minecraft:hopper":47,"minecraft:sheaf_pottery_sherd":2,"minecraft:diamond_helmet":3,"minecraft:spruce_fence":9,"minecraft:granite":91,"minecraft:dark_oak_planks":156,"minecraft:wooden_axe":67,"minecraft:bookshelf":31,"minecraft:iron_boots":3,"minecraft:golden_carrot":203,"minecraft:emerald_block":8,"minecraft:minecart":8,"minecraft:netherite_pickaxe":959,"minecraft:cooked_beef":33,"minecraft:pumpkin":7,"minecraft:powder_snow_bucket":1,"minecraft:cooked_mutton":4,"minecraft:amethyst_block":92,"minecraft:snow_block":2,"minecraft:glass_bottle":25,"minecraft:copper_block":3,"minecraft:spruce_sign":30,"minecraft:stonecutter":1,"minecraft:waxed_copper_block":15,"minecraft:terracotta":27,"minecraft:piston":18,"minecraft:gray_terracotta":9,"minecraft:wooden_hoe":82,"minecraft:apple":1,"minecraft:budding_amethyst":7,"minecraft:stone_axe":1368,"minecraft:bucket":243,"minecraft:splash_potion":10},"minecraft:picked_up":{"minecraft:wooden_axe":8,"minecraft:seagrass":8,"minecraft:iron_chestplate":3,"minecraft:chainmail_boots":3,"minecraft:anvil":2,"minecraft:prismarine_shard":8,"minecraft:smithing_table":1,"minecraft:lead":4,"minecraft:diamond_sword":3,"minecraft:enchanted_book":11,"minecraft:golden_sword":13,"minecraft:amethyst_block":244,"minecraft:music_disc_cat":5,"minecraft:string":348,"minecraft:soul_soil":30,"minecraft:wayfinder_armor_trim_smithing_template":1,"minecraft:explorer_pottery_sherd":14,"minecraft:red_nether_bricks":48,"minecraft:pufferfish":2,"minecraft:shroomlight":18,"minecraft:diamond_leggings":2,"minecraft:gold_nugget":447,"minecraft:cobbled_deepslate":264,"minecraft:spruce_planks":1501,"minecraft:trial_key":7,"minecraft:azalea_leaves":74,"minecraft:enchanted_golden_apple":1,"minecraft:melon_slice":251,"minecraft:mangrove_log":35,"minecraft:golden_helmet":9,"minecraft:sheaf_pottery_sherd":61,"minecraft:music_disc_blocks":7,"minecraft:jukebox":13,"minecraft:composter":7,"minecraft:big_dripleaf":3,"minecraft:acacia_log":25,"minecraft:golden_axe":1,"minecraft:waxed_weathered_copper_bulb":26,"minecraft:waxed_copper_grate":52,"minecraft:golden_chestplate":13,"minecraft:green_terracotta":7,"minecraft:black_dye":1,"minecraft:shaper_armor_trim_smithing_template":3,"minecraft:bamboo_block":68,"minecraft:stone_sword":4,"minecraft:honey_bottle":7,"minecraft:horn_coral_fan":2,"minecraft:tropical_fish":18,"minecraft:blue_dye":2,"minecraft:armadillo_scute":106,"minecraft:red_tulip":9,"minecraft:carved_pumpkin":33,"minecraft:cyan_terracotta":8,"minecraft:glowstone":1,"minecraft:white_terracotta":97,"minecraft:blaze_rod":4,"minecraft:host_armor_trim_smithing_template":4,"minecraft:snowball":326,"minecraft:sponge":15,"minecraft:birch_log":111,"minecraft:magma_block":42,"minecraft:dune_armor_trim_smithing_template":1,"minecraft:feather":113,"minecraft:cooked_beef":16,"minecraft:water_bucket":2,"minecraft:birch_slab":8,"minecraft:jungle_log":15,"minecraft:powder_snow_bucket":1,"minecraft:flint":12,"minecraft:map":1,"minecraft:glow_squid_spawn_egg":2,"minecraft:lantern":9,"minecraft:zombie_villager_spawn_egg":1,"minecraft:disc_fragment_5":9,"minecraft:twisting_vines":9,"minecraft:hanging_roots":5,"minecraft:chipped_anvil":1,"minecraft:gray_terracotta":22,"minecraft:rabbit":23,"minecraft:diamond_helmet":5,"minecraft:glowstone_dust":106,"minecraft:moss_block":334,"minecraft:pitcher_pod":6,"minecraft:glow_lichen":12,"minecraft:warped_wart_block":25,"minecraft:lime_terracotta":12,"minecraft:stripped_spruce_log":12,"minecraft:dark_oak_log":147,"minecraft:red_terracotta":9,"minecraft:barrel":7,"minecraft:dispenser":7,"minecraft:blue_terracotta":17,"minecraft:miner_pottery_sherd":18,"minecraft:writable_book":8,"minecraft:dead_brain_coral_block":17,"minecraft:blue_ice":6,"minecraft:granite":152,"minecraft:bread":543,"minecraft:spruce_button":12,"minecraft:music_disc_precipice":7,"minecraft:chainmail_helmet":1,"minecraft:cyan_dye":6,"minecraft:rooted_dirt":47,"minecraft:plenty_pottery_sherd":5,"minecraft:ominous_trial_key":4,"minecraft:music_disc_5":1,"minecraft:crimson_roots":2,"minecraft:diamond_pickaxe":4,"minecraft:spruce_leaves":1214,"minecraft:mud":102,"minecraft:shelter_pottery_sherd":8,"minecraft:crafting_table":24,"minecraft:ominous_bottle":5,"minecraft:nether_wart":20,"minecraft:clay_ball":288,"minecraft:leather_leggings":14,"minecraft:music_disc_creator":18,"minecraft:dead_horn_coral_block":8,"minecraft:wind_charge":33,"minecraft:cornflower":2,"minecraft:flint_and_steel":2,"minecraft:iron_shovel":23,"minecraft:white_carpet":1,"minecraft:beef":55,"minecraft:chiseled_tuff":40,"minecraft:jungle_sapling":4,"minecraft:poppy":113,"minecraft:spruce_slab":838,"minecraft:minecart":10,"minecraft:birch_sapling":25,"minecraft:chest":149,"minecraft:piston":12,"minecraft:raw_copper_block":1,"minecraft:waxed_oxidized_copper":181,"minecraft:egg":508,"minecraft:sandstone":168,"minecraft:raw_gold_block":10,"minecraft:fire_charge":2,"minecraft:amethyst_cluster":14,"minecraft:spruce_fence":2,"minecraft:skull_pottery_sherd":16,"minecraft:carrot":736,"minecraft:redstone":380,"minecraft:prismarine_crystals":42,"minecraft:stone_shovel":3,"minecraft:diamond_chestplate":5,"minecraft:diamond_boots":3,"minecraft:shears":3,"minecraft:deepslate_bricks":45,"minecraft:hay_block":11,"minecraft:yellow_terracotta":35,"minecraft:gold_ingot":80,"minecraft:tuff_bricks":275,"minecraft:glow_berries":37,"minecraft:mutton":15,"minecraft:white_wool":79,"minecraft:rail":131,"minecraft:heartbreak_pottery_sherd":29,"minecraft:birch_leaves":7,"minecraft:mud_bricks":50,"minecraft:tripwire_hook":799,"minecraft:blackstone_slab":1,"minecraft:yellow_dye":8,"minecraft:red_mushroom":9,"minecraft:crafter":2,"minecraft:ochre_froglight":1,"minecraft:filled_map":6,"minecraft:torchflower":3,"minecraft:packed_mud":40,"minecraft:oak_log":182,"minecraft:lily_pad":18,"minecraft:ancient_debris":8,"minecraft:golden_boots":7,"minecraft:paper":53,"minecraft:apple":16,"minecraft:kelp":1,"minecraft:creeper_spawn_egg":2,"minecraft:wild_armor_trim_smithing_template":1,"minecraft:warped_stem":7,"minecraft:spore_blossom":8,"minecraft:music_disc_far":3,"minecraft:stone_pickaxe":23,"minecraft:cobweb":2,"minecraft:blade_pottery_sherd":7,"minecraft:glass_bottle":6,"minecraft:arms_up_pottery_sherd":16,"minecraft:iron_sword":15,"minecraft:flowering_azalea":20,"minecraft:dark_oak_slab":42,"minecraft:smooth_basalt":90,"minecraft:milk_bucket":4,"minecraft:sweet_berries":26,"minecraft:spyglass":2,"minecraft:torchflower_seeds":3,"minecraft:gravel":120,"minecraft:dead_fire_coral_block":21,"minecraft:prize_pottery_sherd":6,"minecraft:spruce_sapling":990,"minecraft:spruce_log":8016,"minecraft:crying_obsidian":8,"minecraft:sea_lantern":1,"minecraft:polished_tuff":45,"minecraft:leather_helmet":19,"minecraft:archer_pottery_sherd":13,"minecraft:brewer_pottery_sherd":3,"minecraft:firework_rocket":4,"minecraft:slime_ball":103,"minecraft:stone_axe":12,"minecraft:tide_armor_trim_smithing_template":2,"minecraft:short_grass":4,"minecraft:diamond_axe":5,"minecraft:warped_roots":1,"minecraft:baked_potato":4,"minecraft:melon_seeds":3,"minecraft:mangrove_propagule":4,"minecraft:hopper":10,"minecraft:ender_pearl":8,"minecraft:wheat":414,"minecraft:nether_brick_fence":1,"minecraft:sentry_armor_trim_smithing_template":1,"minecraft:potion":9,"minecraft:nether_brick":14,"minecraft:gilded_blackstone":3,"minecraft:crimson_planks":8,"minecraft:dead_tube_coral_block":10,"minecraft:raw_copper":1463,"minecraft:experience_bottle":9,"minecraft:sea_pickle":4,"minecraft:deepslate_tiles":16,"minecraft:red_sand":96,"minecraft:smooth_stone":3,"minecraft:bucket":15,"minecraft:red_dye":2,"minecraft:redstone_torch":4,"minecraft:cobblestone_slab":18,"minecraft:calcite":209,"minecraft:azalea":37,"minecraft:wooden_shovel":9,"minecraft:iron_pickaxe":24,"minecraft:iron_boots":11,"minecraft:furnace":2,"minecraft:tipped_arrow":43,"minecraft:stick":5903,"minecraft:birch_trapdoor":18,"minecraft:brown_terracotta":17,"minecraft:oak_fence":22,"minecraft:torch":142,"minecraft:porkchop":33,"minecraft:snow_block":9,"minecraft:villager_spawn_egg":1,"minecraft:shulker_spawn_egg":1,"minecraft:music_disc_pigstep":1,"minecraft:pointed_dripstone":9,"minecraft:diorite":168,"minecraft:vine":10,"minecraft:quartz_block":28,"minecraft:cactus":15,"minecraft:rotten_flesh":1811,"minecraft:mangrove_roots":20,"minecraft:fire_coral_fan":2,"minecraft:obsidian":14,"minecraft:cod":18,"minecraft:cobblestone":780,"minecraft:nautilus_shell":3,"minecraft:leather_chestplate":17,"minecraft:muddy_mangrove_roots":18,"minecraft:magma_cream":22,"minecraft:raiser_armor_trim_smithing_template":1,"minecraft:andesite":124,"minecraft:cod_spawn_egg":1,"minecraft:golden_leggings":11,"minecraft:potato":13,"minecraft:magenta_dye":7,"minecraft:tuff":83,"minecraft:light_gray_dye":1,"minecraft:prismarine_bricks":28,"minecraft:danger_pottery_sherd":22,"minecraft:stripped_birch_log":2,"minecraft:lapis_lazuli":750,"minecraft:dirt":742,"minecraft:leather_boots":6,"minecraft:glass":21,"minecraft:bone":1451,"minecraft:acacia_planks":54,"minecraft:bow":110,"minecraft:wheat_seeds":2353,"minecraft:deepslate_brick_slab":54,"minecraft:small_dripleaf":22,"minecraft:raw_gold":133,"minecraft:cobbled_deepslate_slab":2,"minecraft:grindstone":1,"minecraft:bolt_armor_trim_smithing_template":2,"minecraft:fletching_table":2,"minecraft:bamboo":21,"minecraft:prismarine":60,"minecraft:stone_hoe":4,"minecraft:oak_planks":139,"minecraft:brain_coral":1,"minecraft:ghast_tear":4,"minecraft:music_disc_13":2,"minecraft:axolotl_bucket":3,"minecraft:waxed_chiseled_copper":16,"minecraft:sand":239,"minecraft:dead_bush":10,"minecraft:grass_block":129,"minecraft:spectral_arrow":30,"minecraft:mossy_cobblestone":83,"minecraft:dark_prismarine":26,"minecraft:light_gray_terracotta":11,"minecraft:spruce_fence_gate":3,"minecraft:sugar":14,"minecraft:clay":21,"minecraft:diamond":63,"minecraft:spruce_boat":4,"minecraft:waxed_oxidized_copper_grate":29,"minecraft:cracked_polished_blackstone_bricks":5,"minecraft:crossbow":4,"minecraft:breeze_rod":4,"minecraft:bone_meal":187,"minecraft:golden_apple":36,"minecraft:spruce_sign":13,"minecraft:emerald":563,"minecraft:oak_sapling":27,"minecraft:netherrack":1421,"minecraft:oak_leaves":177,"minecraft:charcoal":22,"minecraft:cocoa_beans":2,"minecraft:waxed_oxidized_cut_copper":46,"minecraft:firework_star":22,"minecraft:allium":4,"minecraft:azure_bluet":2,"minecraft:splash_potion":2,"minecraft:chicken":82,"minecraft:ladder":94,"minecraft:brown_mushroom":101,"minecraft:wooden_pickaxe":8,"minecraft:gold_block":15,"minecraft:diamond_horse_armor":1,"minecraft:chain":6,"minecraft:brick":84,"minecraft:shield":1,"minecraft:oak_trapdoor":7,"minecraft:moss_carpet":49,"minecraft:iron_axe":22,"minecraft:wooden_sword":14,"minecraft:item_frame":1,"minecraft:blackstone":191,"minecraft:blue_orchid":1,"minecraft:candle":30,"minecraft:oak_boat":1,"minecraft:observer":9,"minecraft:lectern":8,"minecraft:sugar_cane":38,"minecraft:spruce_trapdoor":5,"minecraft:phantom_membrane":2,"minecraft:dark_oak_sapling":22,"minecraft:raw_iron":191,"minecraft:music_disc_relic":3,"minecraft:squid_spawn_egg":1,"minecraft:copper_ingot":81,"minecraft:bowl":5,"minecraft:flowering_azalea_leaves":23,"minecraft:polished_blackstone_bricks":18,"minecraft:music_disc_11":2,"minecraft:trident":3,"minecraft:friend_pottery_sherd":10,"minecraft:dark_oak_planks":76,"minecraft:howl_pottery_sherd":35,"minecraft:arrow":1870,"minecraft:nether_bricks":53,"minecraft:saddle":1,"minecraft:turtle_spawn_egg":1,"minecraft:wet_sponge":14,"minecraft:crimson_stem":3,"minecraft:basalt":211,"minecraft:golden_carrot":157,"minecraft:burn_pottery_sherd":20,"minecraft:glow_ink_sac":3,"minecraft:salmon":5,"minecraft:leather":112,"minecraft:music_disc_stal":10,"minecraft:birch_planks":190,"minecraft:wolf_armor":1,"minecraft:ice":6,"minecraft:mushroom_stew":15,"minecraft:crimson_fungus":2,"minecraft:chainmail_chestplate":2,"minecraft:waxed_copper_block":112,"minecraft:nether_wart_block":26,"minecraft:gunpowder":1698,"minecraft:heart_pottery_sherd":14,"minecraft:orange_terracotta":40,"minecraft:cooked_mutton":1,"minecraft:podzol":2,"minecraft:coast_armor_trim_smithing_template":2,"minecraft:pearlescent_froglight":2,"minecraft:red_sandstone":165,"minecraft:rabbit_hide":11,"minecraft:spruce_wood":136,"minecraft:iron_ingot":294,"minecraft:cooked_chicken":1,"minecraft:frogspawn":3,"minecraft:soul_sand":84,"minecraft:verdant_froglight":5,"minecraft:acacia_sapling":1,"minecraft:music_disc_chirp":5,"minecraft:book":166,"minecraft:tropical_fish_bucket":1,"minecraft:oak_slab":52,"minecraft:emerald_block":227,"minecraft:pumpkin":22,"minecraft:budding_amethyst":7,"minecraft:quartz":56,"minecraft:dandelion":10,"minecraft:raw_iron_block":3,"minecraft:dripstone_block":116,"minecraft:lava_bucket":1,"minecraft:amethyst_shard":36,"minecraft:blast_furnace":1,"minecraft:white_bed":7,"minecraft:spruce_door":1,"minecraft:spider_eye":79,"minecraft:music_disc_mall":7,"minecraft:pumpkin_seeds":87,"minecraft:dried_kelp_block":8,"minecraft:dead_bubble_coral_block":9,"minecraft:iron_helmet":11,"minecraft:chainmail_leggings":2,"minecraft:terracotta":37,"minecraft:damaged_anvil":1,"minecraft:coal":209,"minecraft:chiseled_tuff_bricks":112},"minecraft:dropped":{"minecraft:iron_sword":4,"minecraft:lapis_lazuli":62,"minecraft:diamond":22,"minecraft:spore_blossom":1,"minecraft:red_sandstone":12,"minecraft:dark_oak_slab":2,"minecraft:crossbow":1,"minecraft:cookie":270,"minecraft:glow_berries":3,"minecraft:rooted_dirt":1,"minecraft:sheaf_pottery_sherd":12,"minecraft:archer_pottery_sherd":3,"minecraft:rail":11,"minecraft:leather_helmet":4,"minecraft:red_mushroom":4,"minecraft:emerald":2042,"minecraft:dirt":159,"minecraft:dark_oak_trapdoor":1,"minecraft:writable_book":2,"minecraft:wooden_sword":1,"minecraft:gold_nugget":104,"minecraft:bone_meal":2,"minecraft:phantom_membrane":1,"minecraft:sand":7,"minecraft:sugar":1,"minecraft:iron_pickaxe":2,"minecraft:dark_oak_planks":20,"minecraft:white_wool":4,"minecraft:bone":320,"minecraft:stone_axe":12,"minecraft:emerald_block":30,"minecraft:golden_chestplate":4,"minecraft:cobbled_deepslate":8,"minecraft:nether_brick":14,"minecraft:birch_sapling":11,"minecraft:wheat":20,"minecraft:obsidian":2,"minecraft:deepslate_brick_slab":9,"minecraft:rotten_flesh":468,"minecraft:oak_planks":9,"minecraft:glowstone_dust":1,"minecraft:blaze_powder":2,"minecraft:nether_brick_fence":1,"minecraft:white_bed":1,"minecraft:dead_fire_coral_block":15,"minecraft:waxed_copper_block":31,"minecraft:salmon":1,"minecraft:wind_charge":2,"minecraft:firework_star":15,"minecraft:deepslate_tiles":5,"minecraft:leather_boots":1,"minecraft:ladder":8,"minecraft:leather_leggings":3,"minecraft:spruce_slab":4,"minecraft:chiseled_tuff":17,"minecraft:beef":6,"minecraft:iron_ingot":63,"minecraft:golden_boots":4,"minecraft:dead_tube_coral_block":10,"minecraft:egg":52,"minecraft:crimson_planks":8,"minecraft:enchanted_book":30,"minecraft:shelter_pottery_sherd":8,"minecraft:wheat_seeds":123,"minecraft:dripstone_block":1,"minecraft:yellow_terracotta":8,"minecraft:feather":22,"minecraft:cobblestone":16,"minecraft:prismarine_crystals":23,"minecraft:waxed_copper_grate":16,"minecraft:apple":80,"minecraft:granite":12,"minecraft:explorer_pottery_sherd":8,"minecraft:burn_pottery_sherd":5,"minecraft:spruce_door":1,"minecraft:bamboo_block":1,"minecraft:coal":20,"minecraft:golden_apple":5,"minecraft:mushroom_stew":4,"minecraft:pufferfish":2,"minecraft:golden_carrot":231,"minecraft:sponge":6,"minecraft:wooden_hoe":2,"minecraft:waxed_weathered_copper_bulb":16,"minecraft:wooden_axe":2,"minecraft:diamond_helmet":2,"minecraft:potion":7,"minecraft:armadillo_scute":42,"minecraft:chipped_anvil":1,"minecraft:iron_shovel":2,"minecraft:paper":15,"minecraft:string":32,"minecraft:acacia_planks":5,"minecraft:spruce_sapling":280,"minecraft:snow_block":2,"minecraft:moss_carpet":10,"minecraft:stone_sword":1,"minecraft:bowl":6,"minecraft:stone_shovel":1,"minecraft:chicken":7,"minecraft:clay_ball":56,"minecraft:stone_slab":5,"minecraft:white_terracotta":3,"minecraft:nether_bricks":1,"minecraft:spruce_fence":2,"minecraft:shears":7,"minecraft:suspicious_stew":5,"minecraft:wolf_armor":1,"minecraft:diamond_sword":1,"minecraft:potato":1,"minecraft:spruce_boat":1,"minecraft:sea_pickle":2,"minecraft:allium":2,"minecraft:spruce_trapdoor":5,"minecraft:spruce_planks":420,"minecraft:diamond_pickaxe":3,"minecraft:howl_pottery_sherd":20,"minecraft:wooden_shovel":1,"minecraft:barrel":1,"minecraft:spider_eye":5,"minecraft:sandstone":22,"minecraft:bow":23,"minecraft:red_sand":6,"minecraft:dark_prismarine":9,"minecraft:soul_sand":10,"minecraft:moss_block":7,"minecraft:birch_planks":2,"minecraft:diamond_axe":3,"minecraft:oak_log":18,"minecraft:ender_pearl":2,"minecraft:lime_terracotta":8,"minecraft:tide_armor_trim_smithing_template":2,"minecraft:lantern":9,"minecraft:leather":11,"minecraft:iron_horse_armor":1,"minecraft:host_armor_trim_smithing_template":1,"minecraft:cod":5,"minecraft:flint":1,"minecraft:music_disc_13":1,"minecraft:spruce_leaves":5,"minecraft:cyan_terracotta":7,"minecraft:cracked_polished_blackstone_bricks":4,"minecraft:dark_oak_log":5,"minecraft:crimson_roots":1,"minecraft:seagrass":3,"minecraft:coast_armor_trim_smithing_template":1,"minecraft:music_disc_precipice":1,"minecraft:snowball":32,"minecraft:polished_blackstone_bricks":15,"minecraft:birch_log":33,"minecraft:gold_ingot":20,"minecraft:gravel":84,"minecraft:crimson_fungus":1,"minecraft:blackstone":86,"minecraft:chiseled_tuff_bricks":34,"minecraft:pointed_dripstone":2,"minecraft:prismarine":13,"minecraft:carrot":362,"minecraft:poppy":4233,"minecraft:rabbit_hide":2,"minecraft:leather_chestplate":2,"minecraft:trident":1,"minecraft:gunpowder":416,"minecraft:birch_trapdoor":1,"minecraft:horn_coral_fan":2,"minecraft:azalea":17,"minecraft:chest":4,"minecraft:spruce_wood":6,"minecraft:blackstone_slab":1,"minecraft:basalt":112,"minecraft:arrow":319,"minecraft:prismarine_bricks":13,"minecraft:quartz":12,"minecraft:splash_potion":1,"minecraft:netherrack":144,"minecraft:firework_rocket":6,"minecraft:stone_hoe":1,"minecraft:bread":2753,"minecraft:oak_slab":72,"minecraft:stripped_spruce_log":3,"minecraft:mossy_cobblestone":2,"minecraft:plenty_pottery_sherd":5,"minecraft:prismarine_shard":6,"minecraft:golden_axe":1,"minecraft:spectral_arrow":30,"minecraft:polished_tuff":14,"minecraft:amethyst_block":25,"minecraft:dead_horn_coral_block":5,"minecraft:tropical_fish":2,"minecraft:ominous_trial_key":1,"minecraft:acacia_log":10,"minecraft:spruce_fence_gate":1,"minecraft:stick":6537,"minecraft:blue_dye":1,"minecraft:diorite":6,"minecraft:torch":14,"minecraft:iron_door":1,"minecraft:waxed_oxidized_copper":24,"minecraft:fire_charge":3,"minecraft:flowering_azalea":10,"minecraft:iron_axe":4,"minecraft:bucket":10,"minecraft:music_disc_cat":1,"minecraft:dandelion":6,"minecraft:smooth_basalt":2,"minecraft:redstone":37,"minecraft:blue_terracotta":9,"minecraft:tuff_bricks":98,"minecraft:kelp":1,"minecraft:raw_copper":56,"minecraft:tuff":9,"minecraft:raw_iron":26,"minecraft:dead_bubble_coral_block":4,"minecraft:deepslate_bricks":5,"minecraft:filled_map":1,"minecraft:trial_key":4,"minecraft:diamond_chestplate":2,"minecraft:orange_terracotta":9,"minecraft:andesite":7,"minecraft:golden_leggings":3,"minecraft:oak_sapling":5,"minecraft:waxed_oxidized_cut_copper":16,"minecraft:golden_sword":9,"minecraft:diamond_boots":2,"minecraft:brain_coral":1,"minecraft:spruce_log":187,"minecraft:waxed_chiseled_copper":4,"minecraft:stone_pickaxe":3,"minecraft:magma_cream":10,"minecraft:dead_brain_coral_block":7,"minecraft:nautilus_shell":3,"minecraft:calcite":42,"minecraft:heartbreak_pottery_sherd":3,"minecraft:waxed_oxidized_copper_grate":11,"minecraft:amethyst_cluster":1,"minecraft:brick":20},"minecraft:killed_by":{"minecraft:vindicator":3,"minecraft:zombie":7,"minecraft:wolf":1,"minecraft:stray":1,"minecraft:witch":7,"minecraft:player":7,"minecraft:spider":2,"minecraft:skeleton":5},"minecraft:killed":{"minecraft:cod":4,"minecraft:shulker":1,"minecraft:pufferfish":1,"minecraft:skeleton":1225,"minecraft:fox":9,"minecraft:chicken":55,"minecraft:magma_cube":181,"minecraft:parrot":3,"minecraft:iron_golem":39,"minecraft:pillager":7,"minecraft:goat":3,"minecraft:donkey":3,"minecraft:zombie":1171,"minecraft:cow":10,"minecraft:vindicator":5,"minecraft:horse":3,"minecraft:ocelot":1,"minecraft:husk":18,"minecraft:rabbit":1,"minecraft:frog":2,"minecraft:wandering_trader":1,"minecraft:polar_bear":1,"minecraft:enderman":1,"minecraft:zombified_piglin":383,"minecraft:witch":27,"minecraft:spider":114,"minecraft:turtle":4,"minecraft:camel":2,"minecraft:piglin_brute":17,"minecraft:wolf":15,"minecraft:piglin":30,"minecraft:pig":2,"minecraft:zombie_villager":41,"minecraft:strider":3,"minecraft:creeper":1221,"minecraft:sheep":8,"minecraft:trader_llama":6,"minecraft:mooshroom":15,"minecraft:ghast":44,"minecraft:blaze":8,"minecraft:armadillo":1,"minecraft:vex":13,"minecraft:bogged":27,"minecraft:slime":104,"minecraft:phantom":18,"minecraft:panda":1,"minecraft:drowned":3,"minecraft:hoglin":14,"minecraft:wither_skeleton":4},"minecraft:broken":{"minecraft:shears":4,"minecraft:iron_boots":1,"minecraft:iron_sword":1,"minecraft:bow":2,"minecraft:leather_helmet":2,"minecraft:stone_sword":2,"minecraft:chainmail_helmet":1,"minecraft:brush":4,"minecraft:iron_axe":1,"minecraft:iron_pickaxe":1,"minecraft:wooden_hoe":1,"minecraft:iron_shovel":1,"minecraft:leather_leggings":2,"minecraft:stone_pickaxe":3,"minecraft:chainmail_chestplate":1,"minecraft:stone_axe":8,"minecraft:wooden_axe":1,"minecraft:diamond_axe":2},"minecraft:crafted":{"minecraft:smooth_stone":6,"minecraft:purple_bed":1,"minecraft:blaze_powder":6,"minecraft:wolf_armor":3,"minecraft:birch_slab":18,"minecraft:diamond_shovel":2,"minecraft:bookshelf":54,"minecraft:cooked_mutton":4,"minecraft:deepslate_brick_stairs":2,"minecraft:glass":164,"minecraft:diamond_helmet":1,"minecraft:diamond_leggings":2,"minecraft:melon_seeds":1,"minecraft:decorated_pot":8,"minecraft:iron_door":3,"minecraft:glass_bottle":15,"minecraft:target":1,"minecraft:wooden_shovel":1,"minecraft:emerald":13552,"minecraft:diamond_axe":8,"minecraft:spruce_door":6,"minecraft:smithing_table":1,"minecraft:copper_ingot":71,"minecraft:red_mushroom":4,"minecraft:fletching_table":1,"minecraft:hay_block":1,"minecraft:campfire":9,"minecraft:bamboo_planks":14,"minecraft:dark_oak_sapling":11,"minecraft:lectern":23,"minecraft:wooden_hoe":3,"minecraft:crafter":2,"minecraft:stone_slab":6,"minecraft:iron_pickaxe":17,"minecraft:iron_block":57,"minecraft:gold_ingot":185,"minecraft:sandstone":2,"minecraft:composter":4,"minecraft:fire_charge":3,"minecraft:spruce_fence_gate":2,"minecraft:golden_carrot":651,"minecraft:stone_shovel":5,"minecraft:diamond_hoe":1,"minecraft:pointed_dripstone":12,"minecraft:wind_charge":4,"minecraft:bone_meal":1881,"minecraft:spruce_fence":9,"minecraft:white_carpet":3,"minecraft:terracotta":23,"minecraft:lantern":9,"minecraft:ladder":492,"minecraft:spruce_slab":7300,"minecraft:stone_pickaxe":3,"minecraft:diamond_boots":3,"minecraft:spruce_boat":3,"minecraft:dark_oak_planks":408,"minecraft:wheat":45,"minecraft:firework_star":64,"minecraft:netherite_pickaxe":1,"minecraft:podzol":378,"minecraft:enchanted_book":92,"minecraft:orange_dye":15,"minecraft:golden_apple":19,"minecraft:wooden_axe":4,"minecraft:birch_trapdoor":36,"minecraft:fermented_spider_eye":10,"minecraft:iron_shovel":8,"minecraft:white_bed":23,"minecraft:grindstone":1,"minecraft:oak_planks":600,"minecraft:barrel":2,"minecraft:cooked_chicken":3,"minecraft:sand":840,"minecraft:stone":42,"minecraft:red_sandstone":1,"minecraft:spruce_pressure_plate":3,"minecraft:suspicious_stew":9,"minecraft:cake":1,"minecraft:hopper":37,"minecraft:bow":7,"minecraft:iron_boots":1,"minecraft:raw_copper":9,"minecraft:chest":117,"minecraft:copper_block":3,"minecraft:cod_bucket":4,"minecraft:rail":16,"minecraft:stone_hoe":5,"minecraft:oak_fence":33,"minecraft:dropper":2,"minecraft:oak_slab":348,"minecraft:item_frame":1,"minecraft:cauldron":4,"minecraft:crafting_table":23,"minecraft:spruce_planks":21344,"minecraft:wooden_pickaxe":1,"minecraft:iron_helmet":1,"minecraft:brush":4,"minecraft:brewing_stand":1,"minecraft:birch_planks":420,"minecraft:dispenser":3,"minecraft:apple":120,"minecraft:spruce_trapdoor":50,"minecraft:dark_oak_slab":102,"minecraft:iron_chestplate":1,"minecraft:yellow_dye":12,"minecraft:emerald_block":878,"minecraft:diamond_pickaxe":4,"minecraft:charcoal":96,"minecraft:purple_dye":2,"minecraft:shield":1,"minecraft:stick":27975,"minecraft:iron_ingot":95,"minecraft:leather_chestplate":2,"minecraft:stone_sword":3,"minecraft:snow_block":7,"minecraft:redstone_torch":2,"minecraft:sponge":11,"minecraft:shears":36,"minecraft:cookie":324,"minecraft:raw_iron":27,"minecraft:tripwire_hook":8,"minecraft:spruce_button":1,"minecraft:furnace":5,"minecraft:blast_furnace":1,"minecraft:piston":7,"minecraft:dark_oak_trapdoor":2,"minecraft:cherry_sapling":10,"minecraft:oak_trapdoor":16,"minecraft:flint_and_steel":1,"minecraft:iron_axe":4,"minecraft:spruce_wood":1719,"minecraft:minecart":1,"minecraft:observer":7,"minecraft:cooked_beef":33,"minecraft:sugar":8,"minecraft:red_dye":64,"minecraft:cooked_cod":3,"minecraft:crimson_planks":12,"minecraft:diamond_sword":2,"minecraft:spruce_sign":21,"minecraft:brown_mushroom":31,"minecraft:iron_sword":4,"minecraft:bell":4,"minecraft:bowl":20,"minecraft:bucket":14,"minecraft:stone_axe":64,"minecraft:bread":2479,"minecraft:air":0,"minecraft:blue_dye":3,"minecraft:oak_boat":1,"minecraft:white_wool":2,"minecraft:gold_nugget":127,"minecraft:raw_gold":45,"minecraft:stonecutter":1,"minecraft:anvil":19,"minecraft:acacia_planks":24,"minecraft:torch":384,"minecraft:clay":33,"minecraft:diamond_chestplate":1,"minecraft:firework_rocket":6},"minecraft:custom":{"minecraft:interact_with_crafting_table":444,"minecraft:open_barrel":54,"minecraft:eat_cake_slice":2,"minecraft:leave_game":17,"minecraft:time_since_death":1056938,"minecraft:play_time":2092720,"minecraft:deaths":36,"minecraft:jump":21365,"minecraft:interact_with_furnace":336,"minecraft:play_record":40,"minecraft:traded_with_villager":11847,"minecraft:sleep_in_bed":18,"minecraft:damage_dealt":139301,"minecraft:interact_with_smithing_table":1,"minecraft:inspect_dispenser":6,"minecraft:horse_one_cm":36274,"minecraft:use_cauldron":5,"minecraft:interact_with_anvil":66,"minecraft:inspect_hopper":45,"minecraft:sneak_time":274678,"minecraft:interact_with_blast_furnace":2,"minecraft:total_world_time":2092720,"minecraft:interact_with_stonecutter":9,"minecraft:time_since_rest":27547,"minecraft:swim_one_cm":98150,"minecraft:fly_one_cm":3696998,"minecraft:open_chest":2864,"minecraft:fall_one_cm":519072,"minecraft:animals_bred":87,"minecraft:sprint_one_cm":3179996,"minecraft:drop":2239,"minecraft:talked_to_villager":525,"minecraft:interact_with_brewingstand":27,"minecraft:walk_on_water_one_cm":240409,"minecraft:player_kills":3,"minecraft:crouch_one_cm":1270513,"minecraft:mob_kills":4987,"minecraft:damage_dealt_resisted":1181,"minecraft:climb_one_cm":482709,"minecraft:walk_one_cm":4284027,"minecraft:walk_under_water_one_cm":82194,"minecraft:boat_one_cm":2762,"minecraft:pot_flower":1,"minecraft:interact_with_grindstone":7,"minecraft:damage_taken":33263,"minecraft:damage_absorbed":114},"minecraft:mined":{"minecraft:dark_oak_planks":82,"minecraft:white_bed":7,"minecraft:red_nether_bricks":41,"minecraft:obsidian":10,"minecraft:acacia_log":22,"minecraft:carved_pumpkin":7,"minecraft:granite":101,"minecraft:red_sand":91,"minecraft:jungle_log":13,"minecraft:deepslate_bricks":34,"minecraft:bubble_coral_block":7,"minecraft:bamboo_block":62,"minecraft:nether_wart":7,"minecraft:chiseled_tuff_bricks":93,"minecraft:tube_coral_block":5,"minecraft:hopper":10,"minecraft:weeping_vines_plant":1,"minecraft:polished_blackstone_bricks":17,"minecraft:magma_block":30,"minecraft:cobbled_deepslate":80,"minecraft:barrel":7,"minecraft:fire":105,"minecraft:moss_carpet":6,"minecraft:pumpkin":5,"minecraft:deepslate_lapis_ore":32,"minecraft:fletching_table":2,"minecraft:nether_brick_stairs":1,"minecraft:small_amethyst_bud":1,"minecraft:spruce_pressure_plate":2,"minecraft:spruce_wood":149,"minecraft:tripwire":4,"minecraft:crimson_nylium":57,"minecraft:amethyst_cluster":1,"minecraft:powder_snow":14,"minecraft:torch":37,"minecraft:blast_furnace":1,"minecraft:melon":6,"minecraft:spruce_wall_sign":10,"minecraft:glass":30,"minecraft:sugar_cane":23,"minecraft:damaged_anvil":1,"minecraft:amethyst_block":186,"minecraft:birch_sapling":1,"minecraft:white_terracotta":61,"minecraft:chain":2,"minecraft:verdant_froglight":1,"minecraft:mud":100,"minecraft:wheat":397,"minecraft:jukebox":4,"minecraft:waxed_copper_block":101,"minecraft:pumpkin_stem":1,"minecraft:dark_oak_sapling":2,"minecraft:mangrove_log":33,"minecraft:smooth_basalt":53,"minecraft:deepslate":133,"minecraft:stonecutter":1,"minecraft:piston":12,"minecraft:yellow_terracotta":37,"minecraft:suspicious_gravel":110,"minecraft:dark_prismarine":26,"minecraft:deepslate_tiles":11,"minecraft:mossy_cobblestone":59,"minecraft:dark_oak_log":143,"minecraft:sea_lantern":18,"minecraft:cobbled_deepslate_slab":2,"minecraft:nether_bricks":39,"minecraft:spruce_fence":2,"minecraft:crimson_roots":1,"minecraft:redstone_wire":13,"minecraft:moss_block":251,"minecraft:redstone_ore":23,"minecraft:waxed_oxidized_cut_copper":40,"minecraft:packed_mud":39,"minecraft:waxed_copper_grate":44,"minecraft:red_sandstone":83,"minecraft:snow":25,"minecraft:andesite":80,"minecraft:suspicious_sand":57,"minecraft:green_terracotta":9,"minecraft:chiseled_tuff":34,"minecraft:cobblestone_slab":5,"minecraft:rail":45,"minecraft:waxed_weathered_copper_bulb":21,"minecraft:fire_coral_block":13,"minecraft:smithing_table":1,"minecraft:oak_slab":55,"minecraft:soul_sand":77,"minecraft:observer":9,"minecraft:dandelion":7,"minecraft:short_grass":82,"minecraft:emerald_ore":24,"minecraft:sponge":12,"minecraft:copper_ore":132,"minecraft:tall_grass":35,"minecraft:dried_kelp_block":7,"minecraft:deepslate_gold_ore":37,"minecraft:diorite":106,"minecraft:warped_wart_block":21,"minecraft:pearlescent_froglight":1,"minecraft:red_terracotta":9,"minecraft:stripped_spruce_wood":1,"minecraft:spruce_log":7656,"minecraft:white_carpet":1,"minecraft:birch_leaves":9,"minecraft:gravel":39,"minecraft:dripstone_block":84,"minecraft:cobweb":3,"minecraft:brown_terracotta":17,"minecraft:acacia_planks":28,"minecraft:spruce_fence_gate":3,"minecraft:gold_ore":33,"minecraft:deepslate_emerald_ore":9,"minecraft:spruce_planks":1570,"minecraft:oak_sapling":2,"minecraft:farmland":71,"minecraft:spruce_trapdoor":6,"minecraft:budding_amethyst":32,"minecraft:grass_block":241,"minecraft:dead_tube_coral_block":1,"minecraft:cracked_polished_blackstone_bricks":7,"minecraft:soul_soil":26,"minecraft:mud_bricks":50,"minecraft:composter":7,"minecraft:gilded_blackstone":16,"minecraft:tuff_bricks":237,"minecraft:raw_iron_block":2,"minecraft:glowstone":26,"minecraft:iron_ore":90,"minecraft:polished_tuff":40,"minecraft:anvil":2,"minecraft:azure_bluet":1,"minecraft:flowering_azalea_leaves":23,"minecraft:azalea_leaves":81,"minecraft:azalea":10,"minecraft:brain_coral_block":14,"minecraft:spruce_slab":1120,"minecraft:deepslate_redstone_ore":9,"minecraft:gray_terracotta":4,"minecraft:cyan_terracotta":8,"minecraft:blackstone":152,"minecraft:dead_bubble_coral_block":2,"minecraft:orange_terracotta":21,"minecraft:clay":61,"minecraft:light_gray_terracotta":11,"minecraft:calcite":148,"minecraft:poppy":1,"minecraft:chest":114,"minecraft:cobblestone":491,"minecraft:nether_quartz_ore":33,"minecraft:prismarine":69,"minecraft:waxed_chiseled_copper":14,"minecraft:grindstone":1,"minecraft:oak_planks":150,"minecraft:wall_torch":5,"minecraft:deepslate_copper_ore":60,"minecraft:seagrass":1,"minecraft:warped_nylium":41,"minecraft:blue_terracotta":13,"minecraft:dark_oak_slab":8,"minecraft:nether_wart_block":25,"minecraft:birch_trapdoor":11,"minecraft:birch_log":107,"minecraft:blue_ice":5,"minecraft:oak_log":182,"minecraft:waxed_oxidized_copper":152,"minecraft:lime_terracotta":11,"minecraft:sand":168,"minecraft:dirt":144,"minecraft:raw_copper_block":3,"minecraft:tripwire_hook":400,"minecraft:dispenser":7,"minecraft:netherrack":2067,"minecraft:ancient_debris":8,"minecraft:oak_leaves":226,"minecraft:horn_coral_block":7,"minecraft:emerald_block":8,"minecraft:crying_obsidian":2,"minecraft:diamond_ore":16,"minecraft:tuff":52,"minecraft:nether_gold_ore":27,"minecraft:deepslate_diamond_ore":13,"minecraft:mangrove_roots":20,"minecraft:ladder":41,"minecraft:decorated_pot":26,"minecraft:birch_slab":11,"minecraft:spruce_leaves":1290,"minecraft:rooted_dirt":21,"minecraft:sandstone":133,"minecraft:crimson_stem":3,"minecraft:hay_block":11,"minecraft:vault":5,"minecraft:deepslate_brick_slab":31,"minecraft:oak_trapdoor":4,"minecraft:spruce_sapling":5,"minecraft:furnace":1,"minecraft:carrots":165,"minecraft:raw_gold_block":5,"minecraft:stripped_spruce_log":10,"minecraft:gold_block":15,"minecraft:dead_horn_coral_block":1,"minecraft:nether_brick_fence":2,"minecraft:bookshelf":31,"minecraft:shroomlight":9,"minecraft:deepslate_iron_ore":51,"minecraft:trial_spawner":1,"minecraft:packed_ice":18,"minecraft:wet_sponge":14,"minecraft:stone":229,"minecraft:redstone_wall_torch":3,"minecraft:podzol":248,"minecraft:flowering_azalea":10,"minecraft:snow_block":53,"minecraft:basalt":199,"minecraft:spruce_door":1,"minecraft:oak_fence":2,"minecraft:crafting_table":17,"minecraft:blackstone_slab":1,"minecraft:lectern":8,"minecraft:deepslate_coal_ore":39,"minecraft:lapis_ore":32,"minecraft:prismarine_bricks":28,"minecraft:dead_fire_coral_block":2,"minecraft:birch_planks":136,"minecraft:waxed_oxidized_copper_grate":23,"minecraft:redstone_torch":1,"minecraft:sweet_berry_bush":3,"minecraft:ice":10,"minecraft:muddy_mangrove_roots":15,"minecraft:dead_brain_coral_block":2,"minecraft:coal_ore":63,"minecraft:terracotta":21}},"DataVersion":3955}