{"stats":{"minecraft:picked_up":{"minecraft:crafting_table":1,"minecraft:wheat":1,"minecraft:chainmail_boots":1,"minecraft:chicken":8,"minecraft:clay_ball":12,"minecraft:shield":1,"minecraft:amethyst_block":37,"minecraft:string":22,"minecraft:iron_axe":1,"minecraft:raw_copper":198,"minecraft:iron_shovel":1,"minecraft:deepslate_tiles":41,"minecraft:candle":2,"minecraft:cobbled_deepslate":102,"minecraft:spruce_planks":1,"minecraft:calcite":22,"minecraft:iron_pickaxe":6,"minecraft:melon_slice":17,"minecraft:chest":13,"minecraft:birch_sapling":3,"minecraft:egg":7,"minecraft:tipped_arrow":1,"minecraft:golden_helmet":1,"minecraft:dark_oak_sapling":3,"minecraft:stick":26,"minecraft:raw_iron":42,"minecraft:sheaf_pottery_sherd":14,"minecraft:torch":3,"minecraft:amethyst_cluster":1,"minecraft:diorite":10,"minecraft:carrot":2,"minecraft:green_terracotta":9,"minecraft:howl_pottery_sherd":3,"minecraft:arrow":52,"minecraft:rotten_flesh":27,"minecraft:deepslate_bricks":44,"minecraft:white_terracotta":2,"minecraft:cod":1,"minecraft:cobblestone":70,"minecraft:birch_log":3,"minecraft:feather":9,"minecraft:golden_carrot":2,"minecraft:andesite":18,"minecraft:golden_leggings":1,"minecraft:birch_planks":5,"minecraft:mushroom_stew":2,"minecraft:flint":2,"minecraft:tuff":47,"minecraft:oak_log":30,"minecraft:gunpowder":42,"minecraft:lapis_lazuli":138,"minecraft:dirt":26,"minecraft:paper":3,"minecraft:bone":37,"minecraft:apple":3,"minecraft:bow":3,"minecraft:wheat_seeds":6,"minecraft:raw_gold":14,"minecraft:rabbit_hide":2,"minecraft:iron_ingot":3,"minecraft:stone_pickaxe":1,"minecraft:moss_block":68,"minecraft:iron_sword":2,"minecraft:oak_planks":4,"minecraft:oak_slab":2,"minecraft:smooth_basalt":7,"minecraft:pumpkin":1,"minecraft:budding_amethyst":1,"minecraft:dandelion":3,"minecraft:dripstone_block":31,"minecraft:gravel":16,"minecraft:amethyst_shard":5,"minecraft:spruce_sapling":3,"minecraft:ink_sac":4,"minecraft:spruce_log":22,"minecraft:dark_oak_log":24,"minecraft:spider_eye":9,"minecraft:light_gray_terracotta":7,"minecraft:music_disc_mall":1,"minecraft:pumpkin_seeds":1,"minecraft:diamond":6,"minecraft:stone_axe":2,"minecraft:granite":11,"minecraft:rooted_dirt":19,"minecraft:terracotta":2,"minecraft:oak_sapling":4,"minecraft:melon_seeds":1,"minecraft:coal":55},"minecraft:killed":{"minecraft:spider":17,"minecraft:skeleton":45,"minecraft:chicken":1,"minecraft:axolotl":1,"minecraft:wolf":3,"minecraft:creeper":51,"minecraft:polar_bear":1,"minecraft:zombie":37,"minecraft:stray":1},"minecraft:custom":{"minecraft:mob_kills":158,"minecraft:interact_with_crafting_table":13,"minecraft:eat_cake_slice":5,"minecraft:leave_game":1,"minecraft:time_since_death":34000,"minecraft:climb_one_cm":3454,"minecraft:damage_resisted":60,"minecraft:sprint_one_cm":28589,"minecraft:walk_one_cm":239053,"minecraft:damage_blocked_by_shield":705,"minecraft:drop":28,"minecraft:play_time":92779,"minecraft:deaths":4,"minecraft:sneak_time":10655,"minecraft:walk_under_water_one_cm":4857,"minecraft:jump":415,"minecraft:walk_on_water_one_cm":3132,"minecraft:total_world_time":92779,"minecraft:interact_with_furnace":23,"minecraft:play_record":1,"minecraft:time_since_rest":34031,"minecraft:damage_taken":2426,"minecraft:damage_dealt":6817,"minecraft:swim_one_cm":897,"minecraft:fly_one_cm":41278,"minecraft:open_chest":112,"minecraft:crouch_one_cm":37295,"minecraft:fall_one_cm":9983},"minecraft:mined":{"minecraft:deepslate_tiles":35,"minecraft:diamond_ore":1,"minecraft:tuff":44,"minecraft:spruce_planks":1,"minecraft:deepslate_diamond_ore":6,"minecraft:dark_oak_log":21,"minecraft:granite":11,"minecraft:budding_amethyst":17,"minecraft:acacia_log":2,"minecraft:grass_block":16,"minecraft:deepslate_bricks":59,"minecraft:moss_block":53,"minecraft:rooted_dirt":15,"minecraft:raw_iron_block":1,"minecraft:iron_ore":11,"minecraft:green_terracotta":6,"minecraft:andesite":15,"minecraft:pumpkin":1,"minecraft:deepslate_lapis_ore":23,"minecraft:deepslate_iron_ore":32,"minecraft:packed_ice":2,"minecraft:stone":48,"minecraft:podzol":4,"minecraft:powder_snow":2,"minecraft:clay":5,"minecraft:light_gray_terracotta":7,"minecraft:calcite":29,"minecraft:melon":2,"minecraft:chest":11,"minecraft:copper_ore":22,"minecraft:deepslate_coal_ore":28,"minecraft:deepslate_gold_ore":16,"minecraft:lapis_ore":4,"minecraft:oak_planks":2,"minecraft:diorite":10,"minecraft:amethyst_block":39,"minecraft:deepslate_copper_ore":23,"minecraft:white_terracotta":2,"minecraft:birch_log":2,"minecraft:spruce_log":23,"minecraft:coal_ore":16,"minecraft:oak_log":30,"minecraft:gravel":21,"minecraft:dripstone_block":38,"minecraft:dirt":6,"minecraft:smooth_basalt":8,"minecraft:terracotta":2,"minecraft:gold_ore":4,"minecraft:deepslate":116,"minecraft:suspicious_gravel":45},"minecraft:broken":{"minecraft:iron_pickaxe":1},"minecraft:crafted":{"minecraft:oak_planks":100,"minecraft:iron_axe":2,"minecraft:chest":1,"minecraft:minecart":1,"minecraft:spruce_planks":36,"minecraft:iron_sword":2,"minecraft:birch_planks":12,"minecraft:stone_axe":1,"minecraft:shield":1,"minecraft:stick":72,"minecraft:iron_ingot":22,"minecraft:iron_pickaxe":3},"minecraft:dropped":{"minecraft:iron_ingot":1,"minecraft:birch_planks":2,"minecraft:golden_helmet":1,"minecraft:minecart":1,"minecraft:cobblestone":9,"minecraft:glow_berries":4,"minecraft:coal":12,"minecraft:dirt":7,"minecraft:iron_pickaxe":4,"minecraft:smooth_basalt":3,"minecraft:gravel":1,"minecraft:bowl":1,"minecraft:tuff":4,"minecraft:raw_iron":4,"minecraft:rotten_flesh":2,"minecraft:gunpowder":1,"minecraft:andesite":1,"minecraft:chest":1,"minecraft:oak_sapling":2,"minecraft:spider_eye":3,"minecraft:raw_gold":1,"minecraft:calcite":3,"minecraft:egg":1},"minecraft:used":{"minecraft:moss_block":6,"minecraft:spruce_planks":33,"minecraft:chest":17,"minecraft:shield":9,"minecraft:iron_sword":171,"minecraft:torch":6,"minecraft:dirt":10,"minecraft:carrot":2,"minecraft:tuff":3,"minecraft:iron_axe":11,"minecraft:golden_carrot":3,"minecraft:bow":46,"minecraft:egg":5,"minecraft:cobbled_deepslate":4,"minecraft:calcite":5,"minecraft:birch_planks":5,"minecraft:stone_pickaxe":175,"minecraft:oak_planks":62,"minecraft:deepslate_bricks":2,"minecraft:oak_slab":2,"minecraft:crafting_table":1,"minecraft:mushroom_stew":2,"minecraft:light_gray_terracotta":1,"minecraft:cod":1,"minecraft:oak_log":6,"minecraft:melon_slice":24,"minecraft:iron_pickaxe":699,"minecraft:stone_axe":97,"minecraft:ocelot_spawn_egg":1,"minecraft:wooden_sword":18,"minecraft:birch_log":1},"minecraft:killed_by":{"minecraft:creeper":1,"minecraft:skeleton":2,"minecraft:zombie":1}},"DataVersion":3955}