{"stats":{"minecraft:killed_by":{"minecraft:creeper":2,"minecraft:zombie":2,"minecraft:elder_guardian":2,"minecraft:player":3,"minecraft:stray":1,"minecraft:skeleton":1},"minecraft:used":{"minecraft:moss_block":28,"minecraft:writable_book":10,"minecraft:melon":1,"minecraft:iron_shovel":148,"minecraft:spruce_slab":1545,"minecraft:ladder":32,"minecraft:chest":15,"minecraft:shield":88,"minecraft:white_terracotta":5,"minecraft:iron_sword":71,"minecraft:green_terracotta":3,"minecraft:carrot":48,"minecraft:axolotl_bucket":2,"minecraft:tuff":14,"minecraft:snowball":57,"minecraft:cyan_terracotta":2,"minecraft:lantern":2,"minecraft:birch_sapling":4,"minecraft:iron_helmet":3,"minecraft:dark_oak_slab":2,"minecraft:birch_trapdoor":13,"minecraft:bow":35,"minecraft:oak_sapling":37,"minecraft:sweet_berries":5,"minecraft:furnace":1,"minecraft:egg":197,"minecraft:potato":1,"minecraft:deepslate_brick_wall":1,"minecraft:diorite":1,"minecraft:diamond_boots":1,"minecraft:spruce_door":2,"minecraft:oak_planks":47,"minecraft:stone_pickaxe":94,"minecraft:prismarine":15,"minecraft:ender_pearl":1,"minecraft:wooden_pickaxe":5,"minecraft:diamond_axe":3837,"minecraft:oak_leaves":192,"minecraft:cookie":4,"minecraft:sand":1,"minecraft:mushroom_stew":69,"minecraft:light_gray_terracotta":1,"minecraft:sponge":1,"minecraft:dripstone_block":38,"minecraft:shears":339,"minecraft:deepslate_tiles":16,"minecraft:birch_slab":1,"minecraft:string":2,"minecraft:dark_oak_log":1,"minecraft:bread":3,"minecraft:gravel":19,"minecraft:golden_helmet":1,"minecraft:diamond_sword":639,"minecraft:wooden_sword":3,"minecraft:andesite":10,"minecraft:birch_log":4,"minecraft:oak_fence":1,"minecraft:bone_meal":488,"minecraft:dead_tube_coral_block":1,"minecraft:tropical_fish":2,"minecraft:spruce_planks":52,"minecraft:wooden_shovel":23,"minecraft:torch":41,"minecraft:dirt":347,"minecraft:spyglass":9,"minecraft:prismarine_bricks":9,"minecraft:diamond_helmet":3,"minecraft:cod_bucket":1,"minecraft:salmon_bucket":1,"minecraft:dead_brain_coral_block":18,"minecraft:granite":9,"minecraft:wooden_axe":59,"minecraft:flowering_azalea":1,"minecraft:iron_axe":230,"minecraft:smooth_basalt":5,"minecraft:diamond_chestplate":5,"minecraft:raw_copper_block":2,"minecraft:golden_carrot":29,"minecraft:beef":2,"minecraft:powder_snow_bucket":13,"minecraft:cobbled_deepslate":10,"minecraft:acacia_planks":2,"minecraft:calcite":2,"minecraft:wheat_seeds":73,"minecraft:water_bucket":45,"minecraft:amethyst_block":15,"minecraft:birch_planks":117,"minecraft:andesite_slab":12,"minecraft:cobblestone_slab":34,"minecraft:deepslate_bricks":14,"minecraft:salmon":1,"minecraft:terracotta":11,"minecraft:crafting_table":3,"minecraft:birch_sign":4,"minecraft:oak_slab":201,"minecraft:white_bed":2,"minecraft:spruce_log":147,"minecraft:deepslate_tile_wall":16,"minecraft:oak_log":1,"minecraft:wooden_hoe":37,"minecraft:diamond_pickaxe":448,"minecraft:wind_charge":2,"minecraft:iron_pickaxe":662,"minecraft:map":1,"minecraft:spruce_sapling":156,"minecraft:stone_axe":581,"minecraft:cobblestone":20,"minecraft:bucket":66,"minecraft:diamond_leggings":2,"minecraft:candle":3},"minecraft:crafted":{"minecraft:oak_planks":436,"minecraft:cobblestone_slab":66,"minecraft:melon":1,"minecraft:wolf_armor":5,"minecraft:diamond_helmet":5,"minecraft:bow":8,"minecraft:diamond_leggings":1,"minecraft:iron_boots":205,"minecraft:chest":8,"minecraft:oak_slab":264,"minecraft:emerald":719,"minecraft:cooked_porkchop":4,"minecraft:diamond_axe":2,"minecraft:crafting_table":2,"minecraft:spruce_planks":12864,"minecraft:iron_helmet":10,"minecraft:spruce_door":3,"minecraft:copper_ingot":23,"minecraft:birch_planks":172,"minecraft:tropical_fish_bucket":1,"minecraft:wooden_hoe":1,"minecraft:purple_dye":2,"minecraft:diamond_pickaxe":3,"minecraft:charcoal":10,"minecraft:yellow_dye":6,"minecraft:shield":1,"minecraft:stick":22998,"minecraft:iron_ingot":44,"minecraft:iron_pickaxe":4,"minecraft:light_gray_dye":1,"minecraft:golden_carrot":81,"minecraft:raw_iron":9,"minecraft:iron_nugget":18,"minecraft:spyglass":1,"minecraft:spruce_button":128,"minecraft:furnace":1,"minecraft:bone_meal":1035,"minecraft:lantern":2,"minecraft:deepslate_brick_wall":1,"minecraft:iron_axe":2,"minecraft:ladder":87,"minecraft:spruce_slab":1698,"minecraft:stone_pickaxe":3,"minecraft:diamond_boots":1,"minecraft:deepslate_tile_wall":1,"minecraft:dark_oak_planks":52,"minecraft:birch_sign":3,"minecraft:cooked_beef":10,"minecraft:red_dye":3,"minecraft:diamond_sword":2,"minecraft:iron_sword":1,"minecraft:bell":2,"minecraft:bucket":2,"minecraft:stone_axe":4,"minecraft:orange_dye":2,"minecraft:bread":21,"minecraft:air":0,"minecraft:blue_dye":2,"minecraft:andesite_slab":12,"minecraft:birch_trapdoor":10,"minecraft:torch":28,"minecraft:diamond_chestplate":3},"minecraft:dropped":{"minecraft:iron_sword":2,"minecraft:moss_block":18,"minecraft:birch_planks":28,"minecraft:diamond_axe":1,"minecraft:lapis_lazuli":2,"minecraft:oak_log":5,"minecraft:glow_ink_sac":1,"minecraft:ender_pearl":2,"minecraft:spore_blossom":2,"minecraft:cookie":50,"minecraft:shaper_armor_trim_smithing_template":1,"minecraft:tide_armor_trim_smithing_template":2,"minecraft:sheaf_pottery_sherd":13,"minecraft:leather_helmet":2,"minecraft:host_armor_trim_smithing_template":1,"minecraft:emerald":67,"minecraft:dirt":27,"minecraft:dark_oak_log":1,"minecraft:ice":6,"minecraft:seagrass":2,"minecraft:writable_book":3,"minecraft:wooden_sword":2,"minecraft:bone_meal":1,"minecraft:sand":2,"minecraft:iron_pickaxe":3,"minecraft:dark_oak_planks":1,"minecraft:birch_log":5,"minecraft:gold_ingot":2,"minecraft:bone":44,"minecraft:gravel":5,"minecraft:stone_axe":1,"minecraft:emerald_block":30,"minecraft:iron_nugget":4,"minecraft:golden_chestplate":5,"minecraft:cobbled_deepslate":11,"minecraft:rotten_flesh":315,"minecraft:oak_planks":1,"minecraft:glowstone_dust":2,"minecraft:prismarine":1,"minecraft:carrot":82,"minecraft:salmon":1,"minecraft:music_disc_creator":1,"minecraft:rabbit_hide":5,"minecraft:deepslate_tiles":3,"minecraft:gunpowder":17,"minecraft:trident":1,"minecraft:blade_pottery_sherd":3,"minecraft:melon_seeds":1,"minecraft:leather_boots":3,"minecraft:azalea":1,"minecraft:chest":13,"minecraft:leather_leggings":5,"minecraft:spruce_slab":20,"minecraft:arrow":37,"minecraft:prismarine_bricks":15,"minecraft:dead_tube_coral_block":5,"minecraft:egg":12,"minecraft:water_bucket":1,"minecraft:iron_ingot":3,"minecraft:bread":10,"minecraft:oak_slab":3,"minecraft:wheat_seeds":7,"minecraft:golden_helmet":3,"minecraft:deepslate_brick_wall":1,"minecraft:dripstone_block":4,"minecraft:prismarine_shard":2,"minecraft:iron_helmet":11,"minecraft:feather":4,"minecraft:cobblestone":22,"minecraft:prismarine_crystals":2,"minecraft:apple":2,"minecraft:amethyst_block":18,"minecraft:granite":8,"minecraft:spruce_button":128,"minecraft:copper_ingot":2,"minecraft:dead_horn_coral_block":6,"minecraft:spruce_door":1,"minecraft:grass_block":1,"minecraft:coal":3,"minecraft:mushroom_stew":2,"minecraft:stick":10,"minecraft:pufferfish":3,"minecraft:diorite":8,"minecraft:ink_sac":4,"minecraft:pumpkin":1,"minecraft:flowering_azalea":1,"minecraft:iron_axe":3,"minecraft:angler_pottery_sherd":8,"minecraft:chainmail_leggings":1,"minecraft:paper":4,"minecraft:lily_pad":3,"minecraft:bucket":1,"minecraft:spruce_sapling":12,"minecraft:redstone":10,"minecraft:smooth_basalt":7,"minecraft:blue_terracotta":1,"minecraft:raw_copper":29,"minecraft:jukebox":1,"minecraft:tuff":4,"minecraft:raw_iron":2,"minecraft:chicken":2,"minecraft:clay_ball":38,"minecraft:iron_boots":205,"minecraft:white_terracotta":5,"minecraft:budding_amethyst":1,"minecraft:deepslate_bricks":18,"minecraft:filled_map":8,"minecraft:diamond_sword":3,"minecraft:big_dripleaf":3,"minecraft:potato":3,"minecraft:cobblestone_slab":15,"minecraft:gray_terracotta":5,"minecraft:shield":1,"minecraft:diamond_chestplate":2,"minecraft:spruce_planks":66,"minecraft:diamond_pickaxe":1,"minecraft:andesite":8,"minecraft:blue_ice":4,"minecraft:golden_leggings":5,"minecraft:oak_sapling":5,"minecraft:wooden_shovel":1,"minecraft:spider_eye":5,"minecraft:spruce_log":429,"minecraft:bow":25,"minecraft:stone_pickaxe":3,"minecraft:raw_gold":2,"minecraft:dead_brain_coral_block":5,"minecraft:bell":2,"minecraft:calcite":19,"minecraft:dark_prismarine":30,"minecraft:amethyst_cluster":4,"minecraft:terracotta":5},"minecraft:picked_up":{"minecraft:wooden_axe":1,"minecraft:seagrass":7,"minecraft:wheat":65,"minecraft:prismarine_shard":2,"minecraft:lead":2,"minecraft:diamond_sword":4,"minecraft:potion":1,"minecraft:amethyst_block":77,"minecraft:music_disc_cat":3,"minecraft:string":43,"minecraft:dead_tube_coral_block":4,"minecraft:raw_copper":376,"minecraft:pufferfish":3,"minecraft:diamond_leggings":1,"minecraft:deepslate_tiles":25,"minecraft:cobbled_deepslate":96,"minecraft:bucket":4,"minecraft:spruce_planks":486,"minecraft:cobblestone_slab":34,"minecraft:calcite":55,"minecraft:azalea":7,"minecraft:iron_pickaxe":13,"minecraft:melon_slice":64,"minecraft:deepslate_tile_wall":6,"minecraft:golden_helmet":7,"minecraft:tipped_arrow":1,"minecraft:stick":419,"minecraft:sheaf_pottery_sherd":10,"minecraft:music_disc_blocks":4,"minecraft:jukebox":3,"minecraft:deepslate_brick_wall":1,"minecraft:big_dripleaf":3,"minecraft:birch_trapdoor":7,"minecraft:oak_fence":1,"minecraft:torch":15,"minecraft:acacia_log":10,"minecraft:diorite":41,"minecraft:golden_chestplate":6,"minecraft:green_terracotta":6,"minecraft:shaper_armor_trim_smithing_template":1,"minecraft:rotten_flesh":576,"minecraft:tropical_fish":2,"minecraft:cyan_terracotta":7,"minecraft:white_terracotta":21,"minecraft:host_armor_trim_smithing_template":1,"minecraft:snowball":66,"minecraft:cod":3,"minecraft:cobblestone":158,"minecraft:nautilus_shell":2,"minecraft:sponge":2,"minecraft:birch_log":80,"minecraft:leather_chestplate":1,"minecraft:feather":11,"minecraft:andesite":45,"minecraft:water_bucket":2,"minecraft:birch_slab":1,"minecraft:golden_leggings":5,"minecraft:potato":4,"minecraft:flint":4,"minecraft:tuff":18,"minecraft:prismarine_bricks":60,"minecraft:horn_coral":2,"minecraft:lapis_lazuli":190,"minecraft:dirt":433,"minecraft:leather_boots":3,"minecraft:bone":753,"minecraft:acacia_planks":2,"minecraft:gray_terracotta":8,"minecraft:bow":50,"minecraft:wheat_seeds":190,"minecraft:raw_gold":36,"minecraft:rabbit":12,"minecraft:glowstone_dust":15,"minecraft:moss_block":49,"minecraft:prismarine":31,"minecraft:oak_planks":25,"minecraft:music_disc_13":1,"minecraft:axolotl_bucket":1,"minecraft:sand":15,"minecraft:ink_sac":10,"minecraft:dark_oak_log":16,"minecraft:dark_prismarine":49,"minecraft:light_gray_terracotta":6,"minecraft:blue_terracotta":4,"minecraft:sugar":7,"minecraft:diamond":15,"minecraft:writable_book":3,"minecraft:dead_brain_coral_block":12,"minecraft:blue_ice":2,"minecraft:granite":34,"minecraft:bone_meal":60,"minecraft:emerald":190,"minecraft:music_disc_precipice":1,"minecraft:rooted_dirt":17,"minecraft:oak_sapling":54,"minecraft:oak_leaves":256,"minecraft:diamond_pickaxe":2,"minecraft:crafting_table":1,"minecraft:chicken":16,"minecraft:ladder":50,"minecraft:clay_ball":278,"minecraft:leather_leggings":5,"minecraft:mourner_pottery_sherd":4,"minecraft:music_disc_creator":2,"minecraft:dead_horn_coral_block":8,"minecraft:shield":1,"minecraft:wind_charge":2,"minecraft:cornflower":2,"minecraft:iron_axe":15,"minecraft:iron_shovel":1,"minecraft:candle":1,"minecraft:beef":8,"minecraft:iron_nugget":2,"minecraft:poppy":3,"minecraft:spruce_slab":299,"minecraft:chest":39,"minecraft:birch_sapling":18,"minecraft:egg":262,"minecraft:phantom_membrane":2,"minecraft:raw_copper_block":2,"minecraft:raw_iron":75,"minecraft:music_disc_relic":1,"minecraft:copper_ingot":2,"minecraft:bowl":4,"minecraft:music_disc_mellohi":1,"minecraft:amethyst_cluster":2,"minecraft:trident":1,"minecraft:carrot":157,"minecraft:redstone":81,"minecraft:prismarine_crystals":51,"minecraft:arrow":728,"minecraft:diamond_chestplate":3,"minecraft:shears":4,"minecraft:deepslate_bricks":69,"minecraft:diamond_boots":2,"minecraft:glow_berries":8,"minecraft:mutton":2,"minecraft:rail":4,"minecraft:oxeye_daisy":1,"minecraft:heartbreak_pottery_sherd":8,"minecraft:golden_carrot":60,"minecraft:glow_ink_sac":7,"minecraft:salmon":3,"minecraft:leather":8,"minecraft:music_disc_stal":2,"minecraft:birch_planks":59,"minecraft:filled_map":12,"minecraft:wolf_armor":6,"minecraft:ice":5,"minecraft:mushroom_stew":6,"minecraft:oak_log":158,"minecraft:chainmail_chestplate":1,"minecraft:lily_pad":3,"minecraft:golden_boots":3,"minecraft:gunpowder":689,"minecraft:wooden_hoe":1,"minecraft:paper":10,"minecraft:apple":4,"minecraft:rabbit_hide":5,"minecraft:spore_blossom":2,"minecraft:spruce_wood":7,"minecraft:iron_ingot":18,"minecraft:stone_pickaxe":2,"minecraft:blade_pottery_sherd":3,"minecraft:glass_bottle":2,"minecraft:iron_sword":7,"minecraft:flowering_azalea":2,"minecraft:acacia_sapling":2,"minecraft:oak_slab":92,"minecraft:smooth_basalt":21,"minecraft:emerald_block":30,"minecraft:pumpkin":9,"minecraft:sweet_berries":4,"minecraft:dandelion":9,"minecraft:spyglass":1,"minecraft:raw_iron_block":1,"minecraft:dripstone_block":60,"minecraft:gravel":42,"minecraft:spruce_sapling":661,"minecraft:white_bed":2,"minecraft:spruce_log":4224,"minecraft:spider_eye":15,"minecraft:leather_helmet":3,"minecraft:dried_kelp_block":4,"minecraft:stone_axe":2,"minecraft:tide_armor_trim_smithing_template":2,"minecraft:chainmail_leggings":1,"minecraft:iron_helmet":7,"minecraft:diamond_axe":3,"minecraft:birch_sign":2,"minecraft:terracotta":20,"minecraft:melon_seeds":2,"minecraft:coal":38,"minecraft:ender_pearl":3},"minecraft:custom":{"minecraft:animals_bred":1,"minecraft:interact_with_crafting_table":87,"minecraft:leave_game":5,"minecraft:time_since_death":3178,"minecraft:damage_resisted":45,"minecraft:sprint_one_cm":1383882,"minecraft:damage_blocked_by_shield":1845,"minecraft:drop":1137,"minecraft:talked_to_villager":70,"minecraft:play_time":549459,"minecraft:deaths":21,"minecraft:jump":5093,"minecraft:walk_on_water_one_cm":51884,"minecraft:interact_with_furnace":68,"minecraft:play_record":6,"minecraft:traded_with_villager":976,"minecraft:sleep_in_bed":3,"minecraft:damage_dealt":26057,"minecraft:player_kills":7,"minecraft:crouch_one_cm":212224,"minecraft:interact_with_smithing_table":20,"minecraft:mob_kills":1476,"minecraft:damage_dealt_resisted":2267,"minecraft:climb_one_cm":54757,"minecraft:walk_one_cm":894349,"minecraft:sneak_time":71668,"minecraft:walk_under_water_one_cm":39812,"minecraft:interact_with_blast_furnace":3,"minecraft:total_world_time":549459,"minecraft:interact_with_stonecutter":3,"minecraft:time_since_rest":3204,"minecraft:damage_taken":11358,"minecraft:swim_one_cm":16837,"minecraft:fly_one_cm":840047,"minecraft:open_chest":864,"minecraft:fall_one_cm":171475},"minecraft:broken":{"minecraft:golden_helmet":1,"minecraft:shears":1,"minecraft:stone_axe":4,"minecraft:wooden_axe":1,"minecraft:diamond_axe":2,"minecraft:iron_pickaxe":1},"minecraft:mined":{"minecraft:spruce_planks":5,"minecraft:oak_sapling":14,"minecraft:white_bed":1,"minecraft:granite":34,"minecraft:budding_amethyst":10,"minecraft:grass_block":140,"minecraft:acacia_log":3,"minecraft:deepslate_tile_wall":6,"minecraft:deepslate_bricks":41,"minecraft:tube_coral_block":4,"minecraft:oxeye_daisy":1,"minecraft:raw_iron_block":1,"minecraft:iron_ore":33,"minecraft:cobbled_deepslate":6,"minecraft:pumpkin":9,"minecraft:deepslate_lapis_ore":15,"minecraft:dirt_path":1,"minecraft:birch_wall_sign":1,"minecraft:spruce_wood":7,"minecraft:brain_coral_block":7,"minecraft:spruce_slab":173,"minecraft:tripwire":1,"minecraft:gray_terracotta":7,"minecraft:cyan_terracotta":7,"minecraft:deepslate_brick_wall":1,"minecraft:powder_snow":4,"minecraft:clay":59,"minecraft:torch":8,"minecraft:light_gray_terracotta":1,"minecraft:calcite":32,"minecraft:poppy":2,"minecraft:melon":11,"minecraft:chest":28,"minecraft:cobblestone":1,"minecraft:oak_planks":16,"minecraft:prismarine":31,"minecraft:wall_torch":2,"minecraft:amethyst_block":42,"minecraft:deepslate_copper_ore":19,"minecraft:white_terracotta":21,"minecraft:blue_terracotta":2,"minecraft:birch_trapdoor":4,"minecraft:birch_log":51,"minecraft:wheat":74,"minecraft:blue_ice":9,"minecraft:oak_log":153,"minecraft:sand":14,"minecraft:dirt":82,"minecraft:smooth_basalt":18,"minecraft:oak_leaves":694,"minecraft:horn_coral_block":7,"minecraft:deepslate":58,"minecraft:suspicious_gravel":39,"minecraft:dark_prismarine":44,"minecraft:deepslate_tiles":17,"minecraft:diamond_ore":5,"minecraft:tuff":12,"minecraft:deepslate_diamond_ore":8,"minecraft:candle":1,"minecraft:dark_oak_log":12,"minecraft:sea_lantern":19,"minecraft:ladder":20,"minecraft:spruce_leaves":50,"minecraft:moss_block":41,"minecraft:rooted_dirt":12,"minecraft:carrots":40,"minecraft:andesite":42,"minecraft:green_terracotta":2,"minecraft:dead_horn_coral_block":1,"minecraft:cobblestone_slab":19,"minecraft:deepslate_iron_ore":7,"minecraft:packed_ice":14,"minecraft:stone":133,"minecraft:fire_coral_block":1,"minecraft:podzol":32,"minecraft:oak_slab":79,"minecraft:flowering_azalea":1,"minecraft:dandelion":3,"minecraft:oak_fence":1,"minecraft:crafting_table":1,"minecraft:cornflower":2,"minecraft:short_grass":25,"minecraft:sponge":2,"minecraft:copper_ore":57,"minecraft:tall_grass":16,"minecraft:deepslate_coal_ore":4,"minecraft:dried_kelp_block":5,"minecraft:lapis_ore":4,"minecraft:deepslate_gold_ore":12,"minecraft:diorite":35,"minecraft:prismarine_bricks":58,"minecraft:birch_planks":56,"minecraft:sweet_berry_bush":2,"minecraft:ice":10,"minecraft:spruce_log":3939,"minecraft:birch_leaves":106,"minecraft:dead_brain_coral_block":5,"minecraft:coal_ore":15,"minecraft:gravel":34,"minecraft:dripstone_block":32,"minecraft:terracotta":17,"minecraft:acacia_planks":2,"minecraft:birch_sign":2,"minecraft:gold_ore":12},"minecraft:killed":{"minecraft:witch":11,"minecraft:spider":16,"minecraft:pufferfish":4,"minecraft:skeleton":486,"minecraft:guardian":1,"minecraft:fox":2,"minecraft:chicken":3,"minecraft:axolotl":2,"minecraft:turtle":6,"minecraft:wolf":3,"minecraft:zombie_villager":5,"minecraft:creeper":461,"minecraft:trader_llama":2,"minecraft:goat":2,"minecraft:zombie":427,"minecraft:mooshroom":2,"minecraft:stray":4,"minecraft:cow":1,"minecraft:phantom":3,"minecraft:drowned":1,"minecraft:wandering_trader":1,"minecraft:squid":4,"minecraft:polar_bear":3,"minecraft:player":1,"minecraft:enderman":2}},"DataVersion":3955}