{"stats":{"minecraft:killed":{"minecraft:witch":2,"minecraft:spider":16,"minecraft:skeleton":12,"minecraft:fox":2,"minecraft:wolf":3,"minecraft:creeper":8,"minecraft:goat":2,"minecraft:zombie":11,"minecraft:mooshroom":1,"minecraft:stray":4,"minecraft:polar_bear":3,"minecraft:enderman":2},"minecraft:broken":{"minecraft:golden_helmet":1,"minecraft:shears":1,"minecraft:wooden_axe":1,"minecraft:iron_pickaxe":1},"minecraft:used":{"minecraft:moss_block":27,"minecraft:writable_book":7,"minecraft:iron_shovel":148,"minecraft:melon":1,"minecraft:spruce_slab":47,"minecraft:ladder":27,"minecraft:chest":2,"minecraft:shield":30,"minecraft:white_terracotta":5,"minecraft:iron_sword":71,"minecraft:green_terracotta":3,"minecraft:tuff":13,"minecraft:axolotl_bucket":1,"minecraft:snowball":57,"minecraft:birch_sapling":4,"minecraft:iron_helmet":2,"minecraft:birch_trapdoor":13,"minecraft:sweet_berries":5,"minecraft:furnace":1,"minecraft:oak_sapling":7,"minecraft:egg":50,"minecraft:stone_pickaxe":94,"minecraft:oak_planks":44,"minecraft:ender_pearl":1,"minecraft:wooden_pickaxe":5,"minecraft:oak_leaves":192,"minecraft:mushroom_stew":47,"minecraft:light_gray_terracotta":1,"minecraft:dripstone_block":37,"minecraft:shears":339,"minecraft:deepslate_tiles":8,"minecraft:string":2,"minecraft:gravel":19,"minecraft:golden_helmet":1,"minecraft:diamond_sword":21,"minecraft:wooden_sword":3,"minecraft:andesite":10,"minecraft:birch_log":4,"minecraft:bone_meal":9,"minecraft:oak_fence":1,"minecraft:tropical_fish":2,"minecraft:spruce_planks":8,"minecraft:wooden_shovel":23,"minecraft:torch":8,"minecraft:dirt":219,"minecraft:spyglass":9,"minecraft:granite":9,"minecraft:wooden_axe":59,"minecraft:flowering_azalea":1,"minecraft:iron_axe":230,"minecraft:smooth_basalt":5,"minecraft:raw_copper_block":2,"minecraft:beef":2,"minecraft:cobbled_deepslate":9,"minecraft:powder_snow_bucket":13,"minecraft:calcite":2,"minecraft:wheat_seeds":3,"minecraft:water_bucket":39,"minecraft:amethyst_block":15,"minecraft:birch_planks":117,"minecraft:andesite_slab":12,"minecraft:cobblestone_slab":34,"minecraft:deepslate_bricks":14,"minecraft:terracotta":11,"minecraft:oak_slab":78,"minecraft:oak_log":1,"minecraft:wooden_hoe":37,"minecraft:diamond_pickaxe":12,"minecraft:wind_charge":2,"minecraft:iron_pickaxe":662,"minecraft:map":1,"minecraft:stone_axe":35,"minecraft:cobblestone":18,"minecraft:bucket":57,"minecraft:candle":3},"minecraft:custom":{"minecraft:interact_with_crafting_table":53,"minecraft:leave_game":2,"minecraft:time_since_death":1381,"minecraft:damage_resisted":45,"minecraft:sprint_one_cm":576136,"minecraft:damage_blocked_by_shield":930,"minecraft:drop":284,"minecraft:play_time":257799,"minecraft:deaths":18,"minecraft:jump":1778,"minecraft:walk_on_water_one_cm":35802,"minecraft:interact_with_furnace":49,"minecraft:play_record":3,"minecraft:damage_dealt":9877,"minecraft:player_kills":6,"minecraft:crouch_one_cm":99212,"minecraft:mob_kills":70,"minecraft:damage_dealt_resisted":197,"minecraft:climb_one_cm":38418,"minecraft:walk_one_cm":487657,"minecraft:sneak_time":34774,"minecraft:walk_under_water_one_cm":31348,"minecraft:total_world_time":257799,"minecraft:time_since_rest":1404,"minecraft:damage_taken":7630,"minecraft:swim_one_cm":14980,"minecraft:fly_one_cm":209286,"minecraft:open_chest":519,"minecraft:fall_one_cm":64591},"minecraft:killed_by":{"minecraft:creeper":2,"minecraft:zombie":2,"minecraft:player":3,"minecraft:stray":1,"minecraft:skeleton":1},"minecraft:crafted":{"minecraft:oak_planks":220,"minecraft:cobblestone_slab":66,"minecraft:melon":1,"minecraft:wolf_armor":5,"minecraft:oak_slab":12,"minecraft:spruce_planks":28,"minecraft:copper_ingot":23,"minecraft:birch_planks":168,"minecraft:shield":1,"minecraft:yellow_dye":6,"minecraft:wooden_hoe":1,"minecraft:charcoal":3,"minecraft:diamond_pickaxe":1,"minecraft:purple_dye":2,"minecraft:stick":108,"minecraft:iron_ingot":44,"minecraft:iron_pickaxe":4,"minecraft:light_gray_dye":1,"minecraft:raw_iron":9,"minecraft:spyglass":1,"minecraft:furnace":1,"minecraft:bone_meal":69,"minecraft:iron_axe":2,"minecraft:ladder":36,"minecraft:spruce_slab":36,"minecraft:stone_pickaxe":3,"minecraft:dark_oak_planks":44,"minecraft:red_dye":3,"minecraft:diamond_sword":1,"minecraft:iron_sword":1,"minecraft:bucket":2,"minecraft:stone_axe":1,"minecraft:orange_dye":2,"minecraft:air":0,"minecraft:blue_dye":2,"minecraft:andesite_slab":12,"minecraft:birch_trapdoor":10},"minecraft:picked_up":{"minecraft:wooden_axe":1,"minecraft:wheat":1,"minecraft:diamond_sword":1,"minecraft:amethyst_block":68,"minecraft:string":43,"minecraft:raw_copper":247,"minecraft:deepslate_tiles":19,"minecraft:cobbled_deepslate":73,"minecraft:bucket":4,"minecraft:cobblestone_slab":34,"minecraft:calcite":53,"minecraft:azalea":6,"minecraft:iron_pickaxe":13,"minecraft:melon_slice":64,"minecraft:tipped_arrow":1,"minecraft:golden_helmet":4,"minecraft:stick":28,"minecraft:sheaf_pottery_sherd":10,"minecraft:music_disc_blocks":2,"minecraft:jukebox":1,"minecraft:birch_trapdoor":7,"minecraft:oak_fence":1,"minecraft:acacia_log":10,"minecraft:torch":6,"minecraft:diorite":38,"minecraft:golden_chestplate":2,"minecraft:green_terracotta":6,"minecraft:shaper_armor_trim_smithing_template":1,"minecraft:rotten_flesh":18,"minecraft:tropical_fish":2,"minecraft:white_terracotta":21,"minecraft:cod":3,"minecraft:snowball":66,"minecraft:cobblestone":148,"minecraft:birch_log":74,"minecraft:feather":9,"minecraft:water_bucket":2,"minecraft:andesite":40,"minecraft:flint":4,"minecraft:tuff":13,"minecraft:lapis_lazuli":156,"minecraft:dirt":285,"minecraft:bone":54,"minecraft:bow":2,"minecraft:gray_terracotta":8,"minecraft:wheat_seeds":5,"minecraft:raw_gold":28,"minecraft:rabbit":12,"minecraft:glowstone_dust":2,"minecraft:moss_block":37,"minecraft:oak_planks":22,"minecraft:axolotl_bucket":1,"minecraft:dark_oak_log":13,"minecraft:light_gray_terracotta":6,"minecraft:sugar":2,"minecraft:blue_terracotta":4,"minecraft:diamond":11,"minecraft:writable_book":2,"minecraft:blue_ice":2,"minecraft:granite":34,"minecraft:bone_meal":60,"minecraft:music_disc_precipice":1,"minecraft:rooted_dirt":16,"minecraft:oak_sapling":18,"minecraft:oak_leaves":256,"minecraft:diamond_pickaxe":1,"minecraft:chicken":9,"minecraft:ladder":50,"minecraft:clay_ball":126,"minecraft:music_disc_creator":2,"minecraft:shield":1,"minecraft:wind_charge":2,"minecraft:cornflower":2,"minecraft:iron_axe":15,"minecraft:iron_shovel":1,"minecraft:candle":1,"minecraft:beef":5,"minecraft:spruce_slab":10,"minecraft:poppy":3,"minecraft:birch_sapling":18,"minecraft:chest":26,"minecraft:raw_copper_block":2,"minecraft:egg":68,"minecraft:raw_iron":50,"minecraft:music_disc_relic":1,"minecraft:bowl":4,"minecraft:amethyst_cluster":2,"minecraft:redstone":5,"minecraft:arrow":17,"minecraft:shears":4,"minecraft:deepslate_bricks":69,"minecraft:glow_berries":8,"minecraft:mutton":2,"minecraft:heartbreak_pottery_sherd":8,"minecraft:oxeye_daisy":1,"minecraft:salmon":2,"minecraft:leather":6,"minecraft:filled_map":8,"minecraft:birch_planks":59,"minecraft:wolf_armor":6,"minecraft:ice":5,"minecraft:mushroom_stew":6,"minecraft:oak_log":78,"minecraft:gunpowder":31,"minecraft:wooden_hoe":1,"minecraft:paper":4,"minecraft:apple":2,"minecraft:rabbit_hide":5,"minecraft:iron_ingot":17,"minecraft:stone_pickaxe":2,"minecraft:iron_sword":5,"minecraft:flowering_azalea":1,"minecraft:oak_slab":74,"minecraft:smooth_basalt":19,"minecraft:pumpkin":8,"minecraft:sweet_berries":4,"minecraft:dandelion":9,"minecraft:spyglass":1,"minecraft:raw_iron_block":1,"minecraft:dripstone_block":59,"minecraft:gravel":28,"minecraft:spruce_sapling":3,"minecraft:spruce_log":13,"minecraft:spider_eye":9,"minecraft:stone_axe":1,"minecraft:iron_helmet":5,"minecraft:terracotta":20,"minecraft:coal":34,"minecraft:ender_pearl":3},"minecraft:mined":{"minecraft:granite":33,"minecraft:budding_amethyst":5,"minecraft:acacia_log":3,"minecraft:grass_block":132,"minecraft:deepslate_bricks":41,"minecraft:oxeye_daisy":1,"minecraft:raw_iron_block":1,"minecraft:iron_ore":31,"minecraft:cobbled_deepslate":6,"minecraft:pumpkin":8,"minecraft:deepslate_lapis_ore":9,"minecraft:dirt_path":1,"minecraft:spruce_slab":7,"minecraft:tripwire":1,"minecraft:gray_terracotta":7,"minecraft:powder_snow":4,"minecraft:clay":24,"minecraft:torch":4,"minecraft:light_gray_terracotta":1,"minecraft:calcite":30,"minecraft:poppy":2,"minecraft:melon":11,"minecraft:chest":16,"minecraft:cobblestone":1,"minecraft:oak_planks":10,"minecraft:wall_torch":1,"minecraft:amethyst_block":33,"minecraft:deepslate_copper_ore":13,"minecraft:white_terracotta":21,"minecraft:blue_terracotta":2,"minecraft:birch_log":45,"minecraft:wheat":2,"minecraft:blue_ice":9,"minecraft:birch_trapdoor":4,"minecraft:oak_log":73,"minecraft:dirt":73,"minecraft:smooth_basalt":16,"minecraft:oak_leaves":604,"minecraft:deepslate":35,"minecraft:suspicious_gravel":12,"minecraft:deepslate_tiles":14,"minecraft:diamond_ore":5,"minecraft:tuff":6,"minecraft:deepslate_diamond_ore":4,"minecraft:candle":1,"minecraft:dark_oak_log":9,"minecraft:ladder":20,"minecraft:moss_block":31,"minecraft:rooted_dirt":11,"minecraft:green_terracotta":2,"minecraft:andesite":37,"minecraft:cobblestone_slab":3,"minecraft:deepslate_iron_ore":6,"minecraft:packed_ice":13,"minecraft:stone":124,"minecraft:podzol":30,"minecraft:oak_slab":9,"minecraft:flowering_azalea":1,"minecraft:dandelion":3,"minecraft:oak_fence":1,"minecraft:cornflower":2,"minecraft:short_grass":21,"minecraft:tall_grass":12,"minecraft:copper_ore":38,"minecraft:deepslate_coal_ore":4,"minecraft:lapis_ore":4,"minecraft:deepslate_gold_ore":9,"minecraft:diorite":32,"minecraft:birch_planks":56,"minecraft:sweet_berry_bush":2,"minecraft:ice":10,"minecraft:spruce_log":9,"minecraft:birch_leaves":106,"minecraft:coal_ore":11,"minecraft:gravel":21,"minecraft:dripstone_block":32,"minecraft:terracotta":17,"minecraft:gold_ore":7},"minecraft:dropped":{"minecraft:moss_block":10,"minecraft:birch_planks":28,"minecraft:lapis_lazuli":2,"minecraft:oak_log":2,"minecraft:ender_pearl":2,"minecraft:shaper_armor_trim_smithing_template":1,"minecraft:sheaf_pottery_sherd":9,"minecraft:dirt":19,"minecraft:dark_oak_log":1,"minecraft:ice":6,"minecraft:writable_book":2,"minecraft:wooden_sword":2,"minecraft:bone_meal":1,"minecraft:iron_pickaxe":3,"minecraft:birch_log":2,"minecraft:gold_ingot":2,"minecraft:bone":7,"minecraft:stone_axe":1,"minecraft:golden_chestplate":1,"minecraft:cobbled_deepslate":2,"minecraft:rotten_flesh":6,"minecraft:oak_planks":1,"minecraft:salmon":1,"minecraft:music_disc_creator":1,"minecraft:rabbit_hide":5,"minecraft:deepslate_tiles":3,"minecraft:gunpowder":12,"minecraft:chest":10,"minecraft:water_bucket":1,"minecraft:iron_ingot":3,"minecraft:wheat_seeds":2,"minecraft:dripstone_block":4,"minecraft:feather":2,"minecraft:cobblestone":16,"minecraft:amethyst_block":17,"minecraft:apple":2,"minecraft:granite":8,"minecraft:grass_block":1,"minecraft:coal":2,"minecraft:mushroom_stew":2,"minecraft:diorite":8,"minecraft:iron_axe":3,"minecraft:paper":4,"minecraft:bucket":1,"minecraft:smooth_basalt":7,"minecraft:redstone":1,"minecraft:blue_terracotta":1,"minecraft:jukebox":1,"minecraft:raw_iron":1,"minecraft:clay_ball":14,"minecraft:white_terracotta":5,"minecraft:deepslate_bricks":18,"minecraft:filled_map":8,"minecraft:cobblestone_slab":15,"minecraft:gray_terracotta":5,"minecraft:spruce_planks":1,"minecraft:andesite":6,"minecraft:blue_ice":4,"minecraft:oak_sapling":5,"minecraft:wooden_shovel":1,"minecraft:spider_eye":3,"minecraft:stone_pickaxe":3,"minecraft:raw_gold":1,"minecraft:calcite":17,"minecraft:amethyst_cluster":4,"minecraft:terracotta":5}},"DataVersion":3955}