{"stats":{"minecraft:killed":{"minecraft:witch":4,"minecraft:spider":16,"minecraft:pufferfish":2,"minecraft:skeleton":175,"minecraft:fox":2,"minecraft:turtle":1,"minecraft:wolf":3,"minecraft:zombie_villager":1,"minecraft:creeper":149,"minecraft:goat":2,"minecraft:zombie":152,"minecraft:mooshroom":1,"minecraft:stray":4,"minecraft:squid":2,"minecraft:polar_bear":3,"minecraft:enderman":2},"minecraft:broken":{"minecraft:golden_helmet":1,"minecraft:shears":1,"minecraft:stone_axe":2,"minecraft:wooden_axe":1,"minecraft:iron_pickaxe":1},"minecraft:used":{"minecraft:moss_block":28,"minecraft:writable_book":8,"minecraft:iron_shovel":148,"minecraft:melon":1,"minecraft:spruce_slab":47,"minecraft:ladder":27,"minecraft:chest":2,"minecraft:shield":30,"minecraft:white_terracotta":5,"minecraft:iron_sword":71,"minecraft:green_terracotta":3,"minecraft:carrot":46,"minecraft:tuff":14,"minecraft:axolotl_bucket":1,"minecraft:snowball":57,"minecraft:birch_sapling":4,"minecraft:iron_helmet":2,"minecraft:dark_oak_slab":2,"minecraft:birch_trapdoor":13,"minecraft:bow":23,"minecraft:sweet_berries":5,"minecraft:furnace":1,"minecraft:oak_sapling":37,"minecraft:egg":97,"minecraft:deepslate_brick_wall":1,"minecraft:stone_pickaxe":94,"minecraft:oak_planks":47,"minecraft:ender_pearl":1,"minecraft:wooden_pickaxe":5,"minecraft:oak_leaves":192,"minecraft:mushroom_stew":60,"minecraft:light_gray_terracotta":1,"minecraft:sponge":1,"minecraft:dripstone_block":38,"minecraft:shears":339,"minecraft:deepslate_tiles":8,"minecraft:birch_slab":1,"minecraft:bread":3,"minecraft:string":2,"minecraft:gravel":19,"minecraft:golden_helmet":1,"minecraft:diamond_sword":230,"minecraft:wooden_sword":3,"minecraft:andesite":10,"minecraft:birch_log":4,"minecraft:bone_meal":303,"minecraft:oak_fence":1,"minecraft:tropical_fish":2,"minecraft:spruce_planks":8,"minecraft:wooden_shovel":23,"minecraft:torch":8,"minecraft:dirt":346,"minecraft:spyglass":9,"minecraft:granite":9,"minecraft:wooden_axe":59,"minecraft:flowering_azalea":1,"minecraft:iron_axe":230,"minecraft:smooth_basalt":5,"minecraft:raw_copper_block":2,"minecraft:beef":2,"minecraft:cobbled_deepslate":9,"minecraft:powder_snow_bucket":13,"minecraft:calcite":2,"minecraft:wheat_seeds":73,"minecraft:water_bucket":39,"minecraft:amethyst_block":15,"minecraft:birch_planks":117,"minecraft:andesite_slab":12,"minecraft:cobblestone_slab":34,"minecraft:deepslate_bricks":14,"minecraft:terracotta":11,"minecraft:oak_slab":201,"minecraft:spruce_log":16,"minecraft:deepslate_tile_wall":16,"minecraft:oak_log":1,"minecraft:wooden_hoe":37,"minecraft:diamond_pickaxe":105,"minecraft:wind_charge":2,"minecraft:iron_pickaxe":662,"minecraft:map":1,"minecraft:spruce_sapling":8,"minecraft:stone_axe":374,"minecraft:cobblestone":19,"minecraft:bucket":57,"minecraft:candle":3},"minecraft:custom":{"minecraft:interact_with_crafting_table":64,"minecraft:leave_game":2,"minecraft:time_since_death":61381,"minecraft:damage_resisted":45,"minecraft:sprint_one_cm":778719,"minecraft:damage_blocked_by_shield":930,"minecraft:drop":448,"minecraft:talked_to_villager":1,"minecraft:play_time":317799,"minecraft:deaths":18,"minecraft:jump":2179,"minecraft:walk_on_water_one_cm":38286,"minecraft:interact_with_furnace":56,"minecraft:play_record":5,"minecraft:damage_dealt":13973,"minecraft:player_kills":6,"minecraft:crouch_one_cm":138448,"minecraft:mob_kills":526,"minecraft:damage_dealt_resisted":1107,"minecraft:climb_one_cm":41166,"minecraft:walk_one_cm":571999,"minecraft:sneak_time":47158,"minecraft:walk_under_water_one_cm":31348,"minecraft:total_world_time":317799,"minecraft:interact_with_stonecutter":3,"minecraft:time_since_rest":61404,"minecraft:damage_taken":8242,"minecraft:swim_one_cm":14980,"minecraft:fly_one_cm":289232,"minecraft:open_chest":591,"minecraft:fall_one_cm":75887},"minecraft:killed_by":{"minecraft:creeper":2,"minecraft:zombie":2,"minecraft:player":3,"minecraft:stray":1,"minecraft:skeleton":1},"minecraft:crafted":{"minecraft:oak_planks":436,"minecraft:cobblestone_slab":66,"minecraft:melon":1,"minecraft:wolf_armor":5,"minecraft:bow":1,"minecraft:oak_slab":264,"minecraft:cooked_porkchop":4,"minecraft:spruce_planks":28,"minecraft:copper_ingot":23,"minecraft:birch_planks":168,"minecraft:shield":1,"minecraft:yellow_dye":6,"minecraft:wooden_hoe":1,"minecraft:charcoal":3,"minecraft:diamond_pickaxe":1,"minecraft:purple_dye":2,"minecraft:stick":116,"minecraft:iron_ingot":44,"minecraft:iron_pickaxe":4,"minecraft:light_gray_dye":1,"minecraft:raw_iron":9,"minecraft:spyglass":1,"minecraft:furnace":1,"minecraft:bone_meal":489,"minecraft:deepslate_brick_wall":1,"minecraft:iron_axe":2,"minecraft:ladder":36,"minecraft:spruce_slab":36,"minecraft:stone_pickaxe":3,"minecraft:deepslate_tile_wall":1,"minecraft:dark_oak_planks":44,"minecraft:red_dye":3,"minecraft:diamond_sword":1,"minecraft:iron_sword":1,"minecraft:bucket":2,"minecraft:stone_axe":3,"minecraft:orange_dye":2,"minecraft:bread":21,"minecraft:air":0,"minecraft:blue_dye":2,"minecraft:andesite_slab":12,"minecraft:birch_trapdoor":10},"minecraft:picked_up":{"minecraft:wooden_axe":1,"minecraft:seagrass":2,"minecraft:wheat":65,"minecraft:diamond_sword":1,"minecraft:amethyst_block":68,"minecraft:string":43,"minecraft:dead_tube_coral_block":3,"minecraft:raw_copper":269,"minecraft:pufferfish":2,"minecraft:deepslate_tiles":19,"minecraft:cobbled_deepslate":78,"minecraft:bucket":4,"minecraft:cobblestone_slab":34,"minecraft:calcite":53,"minecraft:azalea":7,"minecraft:deepslate_tile_wall":6,"minecraft:iron_pickaxe":13,"minecraft:melon_slice":64,"minecraft:tipped_arrow":1,"minecraft:golden_helmet":6,"minecraft:stick":64,"minecraft:sheaf_pottery_sherd":10,"minecraft:music_disc_blocks":2,"minecraft:jukebox":1,"minecraft:deepslate_brick_wall":1,"minecraft:birch_trapdoor":7,"minecraft:oak_fence":1,"minecraft:acacia_log":10,"minecraft:torch":6,"minecraft:diorite":38,"minecraft:golden_chestplate":4,"minecraft:green_terracotta":6,"minecraft:shaper_armor_trim_smithing_template":1,"minecraft:rotten_flesh":168,"minecraft:tropical_fish":2,"minecraft:cyan_terracotta":5,"minecraft:white_terracotta":21,"minecraft:cod":3,"minecraft:snowball":66,"minecraft:cobblestone":148,"minecraft:sponge":2,"minecraft:birch_log":76,"minecraft:feather":9,"minecraft:birch_slab":1,"minecraft:water_bucket":2,"minecraft:andesite":41,"minecraft:potato":1,"minecraft:flint":4,"minecraft:tuff":14,"minecraft:prismarine_bricks":5,"minecraft:lapis_lazuli":173,"minecraft:dirt":422,"minecraft:bone":219,"minecraft:bow":19,"minecraft:gray_terracotta":8,"minecraft:wheat_seeds":185,"minecraft:raw_gold":35,"minecraft:rabbit":12,"minecraft:glowstone_dust":2,"minecraft:moss_block":38,"minecraft:oak_planks":23,"minecraft:axolotl_bucket":1,"minecraft:ink_sac":6,"minecraft:dark_oak_log":13,"minecraft:dark_prismarine":3,"minecraft:light_gray_terracotta":6,"minecraft:sugar":2,"minecraft:blue_terracotta":4,"minecraft:diamond":11,"minecraft:writable_book":2,"minecraft:dead_brain_coral_block":5,"minecraft:blue_ice":2,"minecraft:granite":34,"minecraft:bone_meal":60,"minecraft:music_disc_precipice":1,"minecraft:rooted_dirt":16,"minecraft:oak_sapling":54,"minecraft:oak_leaves":256,"minecraft:diamond_pickaxe":1,"minecraft:chicken":9,"minecraft:ladder":50,"minecraft:clay_ball":126,"minecraft:leather_leggings":1,"minecraft:music_disc_creator":2,"minecraft:dead_horn_coral_block":8,"minecraft:shield":1,"minecraft:wind_charge":2,"minecraft:cornflower":2,"minecraft:iron_axe":15,"minecraft:iron_shovel":1,"minecraft:candle":1,"minecraft:beef":5,"minecraft:spruce_slab":13,"minecraft:poppy":3,"minecraft:birch_sapling":18,"minecraft:chest":26,"minecraft:raw_copper_block":2,"minecraft:egg":115,"minecraft:raw_iron":50,"minecraft:music_disc_relic":1,"minecraft:bowl":4,"minecraft:amethyst_cluster":2,"minecraft:carrot":154,"minecraft:redstone":18,"minecraft:arrow":197,"minecraft:shears":4,"minecraft:deepslate_bricks":69,"minecraft:glow_berries":8,"minecraft:mutton":2,"minecraft:heartbreak_pottery_sherd":8,"minecraft:oxeye_daisy":1,"minecraft:salmon":2,"minecraft:leather":6,"minecraft:music_disc_stal":1,"minecraft:filled_map":9,"minecraft:birch_planks":59,"minecraft:wolf_armor":6,"minecraft:ice":5,"minecraft:mushroom_stew":6,"minecraft:oak_log":152,"minecraft:gunpowder":171,"minecraft:wooden_hoe":1,"minecraft:paper":4,"minecraft:apple":4,"minecraft:rabbit_hide":5,"minecraft:iron_ingot":17,"minecraft:stone_pickaxe":2,"minecraft:iron_sword":5,"minecraft:flowering_azalea":1,"minecraft:oak_slab":89,"minecraft:smooth_basalt":21,"minecraft:pumpkin":8,"minecraft:sweet_berries":4,"minecraft:dandelion":9,"minecraft:spyglass":1,"minecraft:raw_iron_block":1,"minecraft:dripstone_block":60,"minecraft:gravel":28,"minecraft:spruce_sapling":37,"minecraft:spruce_log":239,"minecraft:spider_eye":12,"minecraft:leather_helmet":1,"minecraft:dried_kelp_block":4,"minecraft:stone_axe":2,"minecraft:chainmail_leggings":1,"minecraft:iron_helmet":5,"minecraft:terracotta":20,"minecraft:melon_seeds":1,"minecraft:coal":35,"minecraft:ender_pearl":3},"minecraft:dropped":{"minecraft:moss_block":10,"minecraft:birch_planks":28,"minecraft:lapis_lazuli":2,"minecraft:oak_log":2,"minecraft:ender_pearl":2,"minecraft:shaper_armor_trim_smithing_template":1,"minecraft:sheaf_pottery_sherd":9,"minecraft:leather_helmet":1,"minecraft:dirt":19,"minecraft:dark_oak_log":1,"minecraft:ice":6,"minecraft:seagrass":2,"minecraft:writable_book":2,"minecraft:wooden_sword":2,"minecraft:bone_meal":1,"minecraft:iron_pickaxe":3,"minecraft:birch_log":2,"minecraft:gold_ingot":2,"minecraft:bone":7,"minecraft:stone_axe":1,"minecraft:golden_chestplate":2,"minecraft:cobbled_deepslate":2,"minecraft:rotten_flesh":110,"minecraft:oak_planks":1,"minecraft:carrot":81,"minecraft:salmon":1,"minecraft:music_disc_creator":1,"minecraft:rabbit_hide":5,"minecraft:deepslate_tiles":3,"minecraft:gunpowder":12,"minecraft:melon_seeds":1,"minecraft:azalea":1,"minecraft:chest":10,"minecraft:leather_leggings":1,"minecraft:spruce_slab":3,"minecraft:arrow":10,"minecraft:egg":5,"minecraft:dead_tube_coral_block":3,"minecraft:water_bucket":1,"minecraft:iron_ingot":3,"minecraft:bread":10,"minecraft:wheat_seeds":2,"minecraft:golden_helmet":1,"minecraft:deepslate_brick_wall":1,"minecraft:dripstone_block":4,"minecraft:feather":2,"minecraft:cobblestone":16,"minecraft:amethyst_block":17,"minecraft:apple":2,"minecraft:granite":8,"minecraft:dead_horn_coral_block":6,"minecraft:grass_block":1,"minecraft:coal":2,"minecraft:mushroom_stew":2,"minecraft:pufferfish":2,"minecraft:diorite":8,"minecraft:iron_axe":3,"minecraft:paper":4,"minecraft:bucket":1,"minecraft:smooth_basalt":7,"minecraft:redstone":1,"minecraft:blue_terracotta":1,"minecraft:jukebox":1,"minecraft:raw_iron":1,"minecraft:clay_ball":14,"minecraft:white_terracotta":5,"minecraft:deepslate_bricks":18,"minecraft:filled_map":8,"minecraft:potato":1,"minecraft:cobblestone_slab":15,"minecraft:gray_terracotta":5,"minecraft:spruce_planks":1,"minecraft:andesite":6,"minecraft:blue_ice":4,"minecraft:oak_sapling":5,"minecraft:wooden_shovel":1,"minecraft:spider_eye":5,"minecraft:bow":10,"minecraft:stone_pickaxe":3,"minecraft:raw_gold":1,"minecraft:dead_brain_coral_block":3,"minecraft:calcite":17,"minecraft:amethyst_cluster":4,"minecraft:terracotta":5},"minecraft:mined":{"minecraft:oak_sapling":14,"minecraft:granite":33,"minecraft:budding_amethyst":5,"minecraft:acacia_log":3,"minecraft:deepslate_tile_wall":6,"minecraft:grass_block":132,"minecraft:deepslate_bricks":41,"minecraft:tube_coral_block":3,"minecraft:oxeye_daisy":1,"minecraft:raw_iron_block":1,"minecraft:iron_ore":31,"minecraft:cobbled_deepslate":6,"minecraft:pumpkin":8,"minecraft:deepslate_lapis_ore":12,"minecraft:dirt_path":1,"minecraft:brain_coral_block":5,"minecraft:spruce_slab":7,"minecraft:tripwire":1,"minecraft:gray_terracotta":7,"minecraft:cyan_terracotta":5,"minecraft:deepslate_brick_wall":1,"minecraft:powder_snow":4,"minecraft:clay":24,"minecraft:torch":4,"minecraft:light_gray_terracotta":1,"minecraft:calcite":30,"minecraft:poppy":2,"minecraft:melon":11,"minecraft:chest":16,"minecraft:cobblestone":1,"minecraft:oak_planks":12,"minecraft:wall_torch":1,"minecraft:amethyst_block":33,"minecraft:deepslate_copper_ore":17,"minecraft:white_terracotta":21,"minecraft:blue_terracotta":2,"minecraft:birch_log":47,"minecraft:wheat":74,"minecraft:blue_ice":9,"minecraft:birch_trapdoor":4,"minecraft:oak_log":147,"minecraft:dirt":81,"minecraft:smooth_basalt":18,"minecraft:oak_leaves":694,"minecraft:horn_coral_block":7,"minecraft:deepslate":40,"minecraft:suspicious_gravel":17,"minecraft:dark_prismarine":3,"minecraft:deepslate_tiles":14,"minecraft:diamond_ore":5,"minecraft:tuff":8,"minecraft:deepslate_diamond_ore":4,"minecraft:candle":1,"minecraft:dark_oak_log":9,"minecraft:ladder":20,"minecraft:spruce_leaves":6,"minecraft:moss_block":31,"minecraft:rooted_dirt":11,"minecraft:carrots":40,"minecraft:green_terracotta":2,"minecraft:andesite":38,"minecraft:dead_horn_coral_block":1,"minecraft:cobblestone_slab":19,"minecraft:deepslate_iron_ore":6,"minecraft:packed_ice":13,"minecraft:stone":124,"minecraft:podzol":30,"minecraft:oak_slab":23,"minecraft:flowering_azalea":1,"minecraft:dandelion":3,"minecraft:oak_fence":1,"minecraft:cornflower":2,"minecraft:short_grass":25,"minecraft:sponge":2,"minecraft:tall_grass":16,"minecraft:copper_ore":40,"minecraft:deepslate_coal_ore":4,"minecraft:dried_kelp_block":4,"minecraft:lapis_ore":4,"minecraft:deepslate_gold_ore":12,"minecraft:diorite":32,"minecraft:prismarine_bricks":5,"minecraft:birch_planks":56,"minecraft:sweet_berry_bush":2,"minecraft:ice":10,"minecraft:spruce_log":240,"minecraft:birch_leaves":106,"minecraft:coal_ore":12,"minecraft:gravel":21,"minecraft:dripstone_block":32,"minecraft:terracotta":17,"minecraft:gold_ore":11}},"DataVersion":3955}