{"stats":{"minecraft:used":{"minecraft:moss_block":28,"minecraft:writable_book":10,"minecraft:chiseled_tuff":2,"minecraft:spruce_slab":1618,"minecraft:ladder":32,"minecraft:chest":15,"minecraft:snowball":57,"minecraft:stripped_spruce_log":1,"minecraft:grass_block":2,"minecraft:birch_sapling":4,"minecraft:dark_oak_slab":2,"minecraft:bow":43,"minecraft:sweet_berries":5,"minecraft:ominous_bottle":1,"minecraft:oak_sapling":37,"minecraft:furnace":1,"minecraft:egg":240,"minecraft:potato":1,"minecraft:deepslate_brick_wall":1,"minecraft:diorite":1,"minecraft:leather_leggings":1,"minecraft:spruce_door":2,"minecraft:prismarine":15,"minecraft:wooden_pickaxe":5,"minecraft:cookie":4,"minecraft:oak_leaves":192,"minecraft:sand":1,"minecraft:deepslate_tiles":16,"minecraft:birch_slab":1,"minecraft:diamond_sword":945,"minecraft:wooden_sword":3,"minecraft:birch_log":4,"minecraft:dead_tube_coral_block":1,"minecraft:trial_key":8,"minecraft:netherrack":1,"minecraft:torch":41,"minecraft:cod_bucket":1,"minecraft:dead_brain_coral_block":18,"minecraft:flowering_azalea":1,"minecraft:iron_axe":230,"minecraft:smooth_basalt":5,"minecraft:diamond_chestplate":5,"minecraft:raw_copper_block":2,"minecraft:beef":2,"minecraft:acacia_planks":2,"minecraft:cobbled_deepslate":10,"minecraft:calcite":4,"minecraft:wheat_seeds":73,"minecraft:water_bucket":47,"minecraft:birch_planks":117,"minecraft:leather_boots":1,"minecraft:deepslate_bricks":14,"minecraft:salmon":1,"minecraft:mossy_cobblestone":3,"minecraft:oak_slab":201,"minecraft:crafting_table":3,"minecraft:birch_sign":4,"minecraft:white_bed":2,"minecraft:spruce_log":152,"minecraft:deepslate_tile_wall":21,"minecraft:oak_log":1,"minecraft:diamond_pickaxe":994,"minecraft:ominous_trial_key":1,"minecraft:wind_charge":21,"minecraft:iron_pickaxe":662,"minecraft:spruce_sapling":232,"minecraft:cobblestone":22,"minecraft:candle":3,"minecraft:diamond_leggings":2,"minecraft:iron_shovel":148,"minecraft:melon":1,"minecraft:shield":88,"minecraft:white_terracotta":5,"minecraft:iron_sword":71,"minecraft:green_terracotta":3,"minecraft:mutton":2,"minecraft:carrot":48,"minecraft:tuff":14,"minecraft:axolotl_bucket":2,"minecraft:glass":36,"minecraft:cyan_terracotta":2,"minecraft:lantern":2,"minecraft:iron_helmet":3,"minecraft:birch_trapdoor":13,"minecraft:diamond_boots":2,"minecraft:stone_pickaxe":94,"minecraft:oak_planks":47,"minecraft:ender_pearl":1,"minecraft:sandstone":1,"minecraft:diamond_axe":5476,"minecraft:white_wool":1,"minecraft:mushroom_stew":69,"minecraft:light_gray_terracotta":1,"minecraft:crossbow":61,"minecraft:sponge":1,"minecraft:dripstone_block":38,"minecraft:shears":339,"minecraft:mace":2,"minecraft:dark_oak_log":1,"minecraft:string":2,"minecraft:bread":3,"minecraft:gravel":19,"minecraft:golden_helmet":1,"minecraft:andesite":10,"minecraft:chain":98,"minecraft:bone_meal":574,"minecraft:oak_fence":1,"minecraft:trident":4,"minecraft:tropical_fish":2,"minecraft:spruce_planks":72,"minecraft:wooden_shovel":23,"minecraft:dirt":348,"minecraft:spyglass":9,"minecraft:prismarine_bricks":9,"minecraft:diamond_helmet":3,"minecraft:salmon_bucket":1,"minecraft:golden_chestplate":1,"minecraft:granite":9,"minecraft:wooden_axe":59,"minecraft:bookshelf":16,"minecraft:golden_carrot":69,"minecraft:powder_snow_bucket":13,"minecraft:amethyst_block":15,"minecraft:andesite_slab":12,"minecraft:cobblestone_slab":34,"minecraft:terracotta":11,"minecraft:wooden_hoe":37,"minecraft:flower_pot":1,"minecraft:map":1,"minecraft:stone_axe":745,"minecraft:bucket":68},"minecraft:custom":{"minecraft:interact_with_crafting_table":105,"minecraft:open_barrel":2,"minecraft:leave_game":11,"minecraft:time_since_death":17947,"minecraft:damage_blocked_by_shield":1845,"minecraft:play_time":732683,"minecraft:deaths":24,"minecraft:jump":7402,"minecraft:interact_with_furnace":90,"minecraft:play_record":6,"minecraft:traded_with_villager":2319,"minecraft:sleep_in_bed":3,"minecraft:damage_dealt":42553,"minecraft:horse_one_cm":785,"minecraft:interact_with_smithing_table":20,"minecraft:interact_with_anvil":11,"minecraft:inspect_hopper":1,"minecraft:sneak_time":86728,"minecraft:interact_with_blast_furnace":3,"minecraft:total_world_time":732683,"minecraft:interact_with_stonecutter":4,"minecraft:time_since_rest":17970,"minecraft:swim_one_cm":21678,"minecraft:fly_one_cm":1332619,"minecraft:open_chest":1177,"minecraft:fall_one_cm":234913,"minecraft:animals_bred":1,"minecraft:damage_resisted":45,"minecraft:sprint_one_cm":1859630,"minecraft:drop":1736,"minecraft:talked_to_villager":188,"minecraft:walk_on_water_one_cm":55192,"minecraft:player_kills":7,"minecraft:crouch_one_cm":245767,"minecraft:mob_kills":2237,"minecraft:damage_dealt_resisted":2512,"minecraft:climb_one_cm":56261,"minecraft:walk_one_cm":1207708,"minecraft:walk_under_water_one_cm":51358,"minecraft:pot_flower":1,"minecraft:interact_with_grindstone":1,"minecraft:damage_taken":14916},"minecraft:killed":{"minecraft:pufferfish":4,"minecraft:skeleton":665,"minecraft:guardian":1,"minecraft:fox":2,"minecraft:chicken":7,"minecraft:magma_cube":46,"minecraft:iron_golem":2,"minecraft:goat":2,"minecraft:zombie":628,"minecraft:cow":2,"minecraft:wandering_trader":3,"minecraft:polar_bear":3,"minecraft:enderman":2,"minecraft:witch":20,"minecraft:zombified_piglin":113,"minecraft:spider":23,"minecraft:axolotl":2,"minecraft:turtle":6,"minecraft:wolf":5,"minecraft:piglin":1,"minecraft:zombie_villager":7,"minecraft:creeper":632,"minecraft:sheep":1,"minecraft:trader_llama":2,"minecraft:mooshroom":2,"minecraft:stray":4,"minecraft:blaze":1,"minecraft:vex":3,"minecraft:phantom":3,"minecraft:drowned":1,"minecraft:squid":4,"minecraft:player":1},"minecraft:crafted":{"minecraft:melon":1,"minecraft:chain":92,"minecraft:wolf_armor":5,"minecraft:bookshelf":16,"minecraft:mace":1,"minecraft:glass":36,"minecraft:diamond_helmet":7,"minecraft:diamond_leggings":3,"minecraft:flower_pot":1,"minecraft:emerald":2359,"minecraft:cooked_porkchop":4,"minecraft:diamond_axe":5,"minecraft:spruce_door":3,"minecraft:copper_ingot":23,"minecraft:tropical_fish_bucket":1,"minecraft:wooden_hoe":1,"minecraft:iron_pickaxe":4,"minecraft:light_gray_dye":1,"minecraft:golden_carrot":177,"minecraft:iron_nugget":216,"minecraft:spyglass":1,"minecraft:bone_meal":1227,"minecraft:lantern":2,"minecraft:deepslate_brick_wall":1,"minecraft:ladder":87,"minecraft:spruce_slab":1824,"minecraft:stone_pickaxe":3,"minecraft:diamond_boots":6,"minecraft:deepslate_tile_wall":1,"minecraft:dark_oak_planks":52,"minecraft:crossbow":1,"minecraft:enchanted_book":20,"minecraft:orange_dye":2,"minecraft:andesite_slab":12,"minecraft:birch_trapdoor":10,"minecraft:iron_leggings":1,"minecraft:brick":16,"minecraft:oak_planks":436,"minecraft:cobblestone_slab":66,"minecraft:bow":8,"minecraft:iron_boots":206,"minecraft:chest":8,"minecraft:oak_slab":264,"minecraft:arrow":64,"minecraft:crafting_table":2,"minecraft:spruce_planks":14456,"minecraft:iron_helmet":10,"minecraft:birch_planks":172,"minecraft:emerald_block":20,"minecraft:shield":1,"minecraft:iron_chestplate":1,"minecraft:charcoal":10,"minecraft:diamond_pickaxe":6,"minecraft:yellow_dye":6,"minecraft:purple_dye":2,"minecraft:stick":25086,"minecraft:iron_ingot":47,"minecraft:raw_iron":9,"minecraft:golden_chestplate":2,"minecraft:spruce_button":128,"minecraft:furnace":1,"minecraft:iron_axe":2,"minecraft:birch_sign":3,"minecraft:cooked_beef":10,"minecraft:red_dye":3,"minecraft:diamond_sword":5,"minecraft:iron_sword":1,"minecraft:bell":2,"minecraft:bucket":2,"minecraft:stone_axe":4,"minecraft:air":0,"minecraft:bread":21,"minecraft:blue_dye":2,"minecraft:acacia_planks":4,"minecraft:torch":28,"minecraft:diamond_chestplate":5},"minecraft:broken":{"minecraft:shears":1,"minecraft:iron_pickaxe":1,"minecraft:golden_helmet":1,"minecraft:stone_axe":5,"minecraft:wooden_axe":1,"minecraft:diamond_axe":2},"minecraft:mined":{"minecraft:white_bed":1,"minecraft:red_nether_bricks":8,"minecraft:obsidian":2,"minecraft:granite":36,"minecraft:red_sand":6,"minecraft:acacia_log":5,"minecraft:deepslate_tile_wall":6,"minecraft:jungle_log":3,"minecraft:deepslate_bricks":41,"minecraft:chiseled_tuff_bricks":25,"minecraft:bamboo_block":6,"minecraft:tube_coral_block":4,"minecraft:oxeye_daisy":1,"minecraft:magma_block":13,"minecraft:cobbled_deepslate":16,"minecraft:fire":15,"minecraft:pumpkin":9,"minecraft:deepslate_lapis_ore":19,"minecraft:dirt_path":1,"minecraft:spruce_wood":7,"minecraft:tripwire":1,"minecraft:deepslate_brick_wall":1,"minecraft:crimson_nylium":11,"minecraft:powder_snow":4,"minecraft:torch":13,"minecraft:melon":11,"minecraft:amethyst_block":45,"minecraft:white_terracotta":22,"minecraft:chain":13,"minecraft:mud":1,"minecraft:wheat":74,"minecraft:waxed_copper_block":17,"minecraft:mangrove_log":2,"minecraft:smooth_basalt":18,"minecraft:deepslate":65,"minecraft:suspicious_gravel":52,"minecraft:deepslate_tiles":17,"minecraft:dark_prismarine":44,"minecraft:mossy_cobblestone":27,"minecraft:dark_oak_log":12,"minecraft:sea_lantern":19,"minecraft:nether_bricks":3,"minecraft:moss_block":42,"minecraft:redstone_ore":1,"minecraft:waxed_oxidized_cut_copper":8,"minecraft:packed_mud":1,"minecraft:waxed_copper_grate":10,"minecraft:suspicious_sand":2,"minecraft:green_terracotta":4,"minecraft:andesite":49,"minecraft:chiseled_tuff":6,"minecraft:cobblestone_slab":19,"minecraft:waxed_weathered_copper_bulb":7,"minecraft:fire_coral_block":1,"minecraft:oak_slab":79,"minecraft:soul_sand":9,"minecraft:dandelion":3,"minecraft:cornflower":2,"minecraft:short_grass":25,"minecraft:emerald_ore":3,"minecraft:sponge":2,"minecraft:tall_grass":16,"minecraft:copper_ore":64,"minecraft:dried_kelp_block":5,"minecraft:deepslate_gold_ore":15,"minecraft:diorite":41,"minecraft:warped_wart_block":4,"minecraft:spruce_log":5634,"minecraft:birch_leaves":106,"minecraft:gravel":34,"minecraft:dripstone_block":37,"minecraft:acacia_planks":2,"minecraft:birch_sign":3,"minecraft:gold_ore":18,"minecraft:deepslate_emerald_ore":1,"minecraft:spruce_planks":9,"minecraft:oak_sapling":14,"minecraft:budding_amethyst":11,"minecraft:grass_block":143,"minecraft:soul_soil":4,"minecraft:tuff_bricks":45,"minecraft:gilded_blackstone":7,"minecraft:raw_iron_block":1,"minecraft:glowstone":4,"minecraft:iron_ore":34,"minecraft:polished_tuff":10,"minecraft:birch_wall_sign":1,"minecraft:brain_coral_block":7,"minecraft:spruce_slab":178,"minecraft:deepslate_redstone_ore":1,"minecraft:gray_terracotta":7,"minecraft:cyan_terracotta":7,"minecraft:blackstone":16,"minecraft:clay":59,"minecraft:light_gray_terracotta":1,"minecraft:calcite":40,"minecraft:poppy":2,"minecraft:chest":32,"minecraft:nether_quartz_ore":11,"minecraft:cobblestone":13,"minecraft:prismarine":31,"minecraft:oak_planks":16,"minecraft:waxed_chiseled_copper":2,"minecraft:wall_torch":2,"minecraft:deepslate_copper_ore":23,"minecraft:warped_nylium":6,"minecraft:blue_terracotta":2,"minecraft:nether_wart_block":1,"minecraft:birch_log":51,"minecraft:blue_ice":9,"minecraft:birch_trapdoor":4,"minecraft:oak_log":153,"minecraft:waxed_oxidized_copper":30,"minecraft:lime_terracotta":1,"minecraft:sand":24,"minecraft:dirt":82,"minecraft:netherrack":29,"minecraft:oak_leaves":694,"minecraft:horn_coral_block":7,"minecraft:nether_gold_ore":5,"minecraft:diamond_ore":5,"minecraft:crying_obsidian":1,"minecraft:tuff":20,"minecraft:deepslate_diamond_ore":10,"minecraft:candle":1,"minecraft:ladder":20,"minecraft:decorated_pot":5,"minecraft:spruce_leaves":61,"minecraft:sandstone":22,"minecraft:rooted_dirt":12,"minecraft:vault":1,"minecraft:carrots":40,"minecraft:stripped_spruce_log":1,"minecraft:dead_horn_coral_block":1,"minecraft:bookshelf":16,"minecraft:deepslate_iron_ore":10,"minecraft:shroomlight":3,"minecraft:packed_ice":14,"minecraft:stone":144,"minecraft:podzol":32,"minecraft:flowering_azalea":1,"minecraft:basalt":3,"minecraft:oak_fence":1,"minecraft:crafting_table":1,"minecraft:deepslate_coal_ore":11,"minecraft:lapis_ore":8,"minecraft:prismarine_bricks":59,"minecraft:birch_planks":56,"minecraft:waxed_oxidized_copper_grate":7,"minecraft:sweet_berry_bush":2,"minecraft:ice":10,"minecraft:muddy_mangrove_roots":2,"minecraft:dead_brain_coral_block":5,"minecraft:coal_ore":17,"minecraft:terracotta":17},"minecraft:picked_up":{"minecraft:wooden_axe":1,"minecraft:seagrass":7,"minecraft:iron_chestplate":1,"minecraft:prismarine_shard":2,"minecraft:lead":2,"minecraft:diamond_sword":5,"minecraft:enchanted_book":2,"minecraft:golden_sword":1,"minecraft:amethyst_block":80,"minecraft:music_disc_cat":3,"minecraft:string":51,"minecraft:soul_soil":3,"minecraft:red_nether_bricks":1,"minecraft:pufferfish":3,"minecraft:diamond_leggings":1,"minecraft:gold_nugget":40,"minecraft:cobbled_deepslate":105,"minecraft:spruce_planks":491,"minecraft:trial_key":9,"minecraft:melon_slice":64,"minecraft:golden_helmet":10,"minecraft:sheaf_pottery_sherd":16,"minecraft:jukebox":3,"minecraft:music_disc_blocks":4,"minecraft:big_dripleaf":3,"minecraft:acacia_log":10,"minecraft:waxed_weathered_copper_bulb":6,"minecraft:waxed_copper_grate":8,"minecraft:golden_chestplate":6,"minecraft:green_terracotta":6,"minecraft:black_dye":4,"minecraft:shaper_armor_trim_smithing_template":1,"minecraft:bamboo_block":2,"minecraft:honey_bottle":2,"minecraft:tropical_fish":2,"minecraft:armadillo_scute":38,"minecraft:cyan_terracotta":7,"minecraft:white_terracotta":23,"minecraft:host_armor_trim_smithing_template":1,"minecraft:snowball":66,"minecraft:birch_log":80,"minecraft:sponge":2,"minecraft:feather":18,"minecraft:cooked_beef":11,"minecraft:birch_slab":1,"minecraft:water_bucket":2,"minecraft:jungle_log":1,"minecraft:flint":4,"minecraft:twisting_vines":2,"minecraft:gray_terracotta":8,"minecraft:guster_banner_pattern":1,"minecraft:diamond_helmet":1,"minecraft:rabbit":12,"minecraft:glowstone_dust":23,"minecraft:moss_block":50,"minecraft:lime_terracotta":1,"minecraft:stripped_spruce_log":1,"minecraft:ink_sac":10,"minecraft:dark_oak_log":16,"minecraft:blue_terracotta":4,"minecraft:writable_book":3,"minecraft:miner_pottery_sherd":3,"minecraft:dead_brain_coral_block":16,"minecraft:blue_ice":2,"minecraft:granite":34,"minecraft:bread":5,"minecraft:music_disc_precipice":1,"minecraft:rooted_dirt":17,"minecraft:ominous_trial_key":1,"minecraft:diamond_pickaxe":4,"minecraft:crafting_table":1,"minecraft:ominous_bottle":1,"minecraft:clay_ball":278,"minecraft:leather_leggings":8,"minecraft:mourner_pottery_sherd":4,"minecraft:music_disc_creator":2,"minecraft:dead_horn_coral_block":8,"minecraft:wind_charge":21,"minecraft:cornflower":2,"minecraft:white_carpet":1,"minecraft:iron_shovel":1,"minecraft:beef":9,"minecraft:chiseled_tuff":4,"minecraft:iron_nugget":2,"minecraft:poppy":3,"minecraft:spruce_slab":306,"minecraft:chest":44,"minecraft:birch_sapling":18,"minecraft:waxed_oxidized_copper":15,"minecraft:raw_copper_block":2,"minecraft:egg":338,"minecraft:sandstone":44,"minecraft:music_disc_mellohi":1,"minecraft:amethyst_cluster":2,"minecraft:carrot":160,"minecraft:redstone":120,"minecraft:prismarine_crystals":56,"minecraft:diamond_chestplate":4,"minecraft:shears":4,"minecraft:deepslate_bricks":69,"minecraft:diamond_boots":2,"minecraft:gold_ingot":4,"minecraft:tuff_bricks":23,"minecraft:glow_berries":8,"minecraft:mutton":4,"minecraft:white_wool":2,"minecraft:rail":4,"minecraft:heartbreak_pottery_sherd":8,"minecraft:oxeye_daisy":1,"minecraft:tripwire_hook":1,"minecraft:filled_map":13,"minecraft:oak_log":159,"minecraft:lily_pad":3,"minecraft:golden_boots":5,"minecraft:paper":10,"minecraft:apple":4,"minecraft:warped_stem":2,"minecraft:spore_blossom":2,"minecraft:stone_pickaxe":2,"minecraft:blade_pottery_sherd":3,"minecraft:glass_bottle":5,"minecraft:iron_sword":7,"minecraft:flowering_azalea":2,"minecraft:smooth_basalt":21,"minecraft:sweet_berries":8,"minecraft:spyglass":1,"minecraft:gravel":42,"minecraft:spruce_sapling":920,"minecraft:spruce_log":5940,"minecraft:polished_tuff":5,"minecraft:leather_helmet":6,"minecraft:stone_axe":2,"minecraft:tide_armor_trim_smithing_template":2,"minecraft:diamond_axe":5,"minecraft:birch_sign":2,"minecraft:melon_seeds":2,"minecraft:ender_pearl":3,"minecraft:wheat":69,"minecraft:sentry_armor_trim_smithing_template":1,"minecraft:potion":2,"minecraft:gilded_blackstone":3,"minecraft:nether_brick":11,"minecraft:dead_tube_coral_block":4,"minecraft:raw_copper":386,"minecraft:deepslate_tiles":31,"minecraft:red_sand":8,"minecraft:bucket":4,"minecraft:cobblestone_slab":34,"minecraft:calcite":60,"minecraft:azalea":7,"minecraft:iron_pickaxe":13,"minecraft:deepslate_tile_wall":6,"minecraft:iron_boots":1,"minecraft:tipped_arrow":23,"minecraft:stick":585,"minecraft:deepslate_brick_wall":1,"minecraft:birch_trapdoor":7,"minecraft:oak_fence":1,"minecraft:torch":24,"minecraft:porkchop":4,"minecraft:diorite":42,"minecraft:rotten_flesh":794,"minecraft:obsidian":1,"minecraft:cod":3,"minecraft:cobblestone":167,"minecraft:nautilus_shell":2,"minecraft:leather_chestplate":2,"minecraft:magma_cream":6,"minecraft:andesite":45,"minecraft:golden_leggings":7,"minecraft:potato":8,"minecraft:tuff":19,"minecraft:prismarine_bricks":62,"minecraft:danger_pottery_sherd":4,"minecraft:horn_coral":2,"minecraft:lapis_lazuli":243,"minecraft:dirt":435,"minecraft:leather_boots":3,"minecraft:bone":1017,"minecraft:acacia_planks":2,"minecraft:bow":59,"minecraft:wheat_seeds":197,"minecraft:raw_gold":37,"minecraft:bamboo":5,"minecraft:prismarine":32,"minecraft:oak_planks":25,"minecraft:music_disc_13":1,"minecraft:axolotl_bucket":1,"minecraft:sand":25,"minecraft:mossy_cobblestone":3,"minecraft:dark_prismarine":49,"minecraft:light_gray_terracotta":6,"minecraft:sugar":7,"minecraft:diamond":39,"minecraft:waxed_oxidized_copper_grate":6,"minecraft:crossbow":1,"minecraft:bone_meal":62,"minecraft:emerald":209,"minecraft:oak_sapling":54,"minecraft:netherrack":12,"minecraft:oak_leaves":256,"minecraft:cocoa_beans":2,"minecraft:waxed_oxidized_cut_copper":6,"minecraft:chicken":23,"minecraft:ladder":50,"minecraft:brown_mushroom":2,"minecraft:chain":12,"minecraft:brick":8,"minecraft:shield":1,"minecraft:iron_axe":15,"minecraft:blackstone":14,"minecraft:candle":1,"minecraft:phantom_membrane":2,"minecraft:raw_iron":83,"minecraft:music_disc_relic":1,"minecraft:copper_ingot":2,"minecraft:bowl":4,"minecraft:trident":1,"minecraft:arrow":954,"minecraft:nether_bricks":1,"minecraft:golden_carrot":86,"minecraft:glow_ink_sac":7,"minecraft:salmon":3,"minecraft:leather":14,"minecraft:music_disc_stal":2,"minecraft:birch_planks":59,"minecraft:wolf_armor":6,"minecraft:ice":5,"minecraft:mushroom_stew":6,"minecraft:chainmail_chestplate":1,"minecraft:waxed_copper_block":18,"minecraft:nether_wart_block":1,"minecraft:gunpowder":847,"minecraft:wooden_hoe":1,"minecraft:heart_pottery_sherd":1,"minecraft:cooked_mutton":2,"minecraft:pearlescent_froglight":2,"minecraft:rabbit_hide":5,"minecraft:spruce_wood":7,"minecraft:iron_ingot":74,"minecraft:cooked_chicken":2,"minecraft:verdant_froglight":2,"minecraft:acacia_sapling":2,"minecraft:soul_sand":12,"minecraft:book":50,"minecraft:oak_slab":92,"minecraft:emerald_block":30,"minecraft:pumpkin":9,"minecraft:heavy_core":1,"minecraft:quartz":2,"minecraft:dandelion":9,"minecraft:dripstone_block":61,"minecraft:raw_iron_block":1,"minecraft:white_bed":2,"minecraft:spider_eye":19,"minecraft:dried_kelp_block":4,"minecraft:chainmail_leggings":3,"minecraft:iron_helmet":7,"minecraft:terracotta":20,"minecraft:chiseled_tuff_bricks":12,"minecraft:coal":43},"minecraft:dropped":{"minecraft:iron_sword":2,"minecraft:lapis_lazuli":2,"minecraft:cooked_beef":4,"minecraft:glow_ink_sac":1,"minecraft:spore_blossom":2,"minecraft:cookie":50,"minecraft:sheaf_pottery_sherd":13,"minecraft:leather_helmet":5,"minecraft:emerald":67,"minecraft:dirt":27,"minecraft:gold_nugget":34,"minecraft:chain":6,"minecraft:writable_book":3,"minecraft:wooden_sword":2,"minecraft:bone_meal":2,"minecraft:sand":2,"minecraft:iron_pickaxe":3,"minecraft:dark_oak_planks":1,"minecraft:white_wool":1,"minecraft:bone":51,"minecraft:stone_axe":1,"minecraft:emerald_block":30,"minecraft:iron_nugget":4,"minecraft:golden_chestplate":6,"minecraft:cobbled_deepslate":14,"minecraft:nether_brick":11,"minecraft:rotten_flesh":331,"minecraft:oak_planks":1,"minecraft:glowstone_dust":2,"minecraft:waxed_copper_block":12,"minecraft:salmon":1,"minecraft:tipped_arrow":3,"minecraft:deepslate_tiles":3,"minecraft:leather_boots":4,"minecraft:leather_leggings":9,"minecraft:spruce_slab":23,"minecraft:chiseled_tuff":1,"minecraft:egg":26,"minecraft:dead_tube_coral_block":5,"minecraft:golden_boots":2,"minecraft:iron_ingot":3,"minecraft:wheat_seeds":7,"minecraft:deepslate_brick_wall":1,"minecraft:dripstone_block":5,"minecraft:prismarine_crystals":2,"minecraft:iron_helmet":11,"minecraft:feather":11,"minecraft:cobblestone":22,"minecraft:book":2,"minecraft:waxed_copper_grate":3,"minecraft:apple":2,"minecraft:granite":8,"minecraft:spruce_button":128,"minecraft:spruce_door":1,"minecraft:bamboo_block":2,"minecraft:coal":5,"minecraft:mushroom_stew":2,"minecraft:pufferfish":3,"minecraft:lava_bucket":1,"minecraft:golden_carrot":12,"minecraft:ink_sac":4,"minecraft:waxed_weathered_copper_bulb":4,"minecraft:diamond_helmet":1,"minecraft:armadillo_scute":24,"minecraft:pumpkin":1,"minecraft:angler_pottery_sherd":8,"minecraft:chainmail_leggings":1,"minecraft:paper":4,"minecraft:string":1,"minecraft:lily_pad":3,"minecraft:spruce_sapling":28,"minecraft:soul_soil":3,"minecraft:chicken":5,"minecraft:clay_ball":38,"minecraft:iron_boots":205,"minecraft:white_terracotta":7,"minecraft:budding_amethyst":1,"minecraft:diamond_sword":3,"minecraft:big_dripleaf":3,"minecraft:potato":3,"minecraft:cobblestone_slab":15,"minecraft:spruce_planks":69,"minecraft:diamond_pickaxe":2,"minecraft:wooden_shovel":1,"minecraft:spider_eye":6,"minecraft:sandstone":43,"minecraft:bow":30,"minecraft:bell":2,"minecraft:dark_prismarine":30,"minecraft:terracotta":5,"minecraft:moss_block":18,"minecraft:soul_sand":8,"minecraft:birch_planks":28,"minecraft:diamond_axe":2,"minecraft:oak_log":5,"minecraft:ender_pearl":2,"minecraft:lime_terracotta":1,"minecraft:tide_armor_trim_smithing_template":2,"minecraft:shaper_armor_trim_smithing_template":1,"minecraft:leather":4,"minecraft:host_armor_trim_smithing_template":1,"minecraft:dark_oak_log":1,"minecraft:ice":6,"minecraft:seagrass":2,"minecraft:birch_log":5,"minecraft:gold_ingot":3,"minecraft:gravel":5,"minecraft:blackstone":14,"minecraft:chiseled_tuff_bricks":9,"minecraft:prismarine":1,"minecraft:carrot":82,"minecraft:music_disc_creator":1,"minecraft:poppy":292,"minecraft:rabbit_hide":5,"minecraft:leather_chestplate":1,"minecraft:trident":1,"minecraft:gunpowder":87,"minecraft:melon_seeds":1,"minecraft:blade_pottery_sherd":3,"minecraft:azalea":1,"minecraft:chest":13,"minecraft:arrow":42,"minecraft:prismarine_bricks":15,"minecraft:netherrack":4,"minecraft:bread":10,"minecraft:water_bucket":1,"minecraft:oak_slab":3,"minecraft:golden_helmet":6,"minecraft:prismarine_shard":2,"minecraft:amethyst_block":18,"minecraft:copper_ingot":2,"minecraft:dead_horn_coral_block":6,"minecraft:grass_block":1,"minecraft:stick":16,"minecraft:diorite":8,"minecraft:waxed_oxidized_copper":11,"minecraft:flowering_azalea":1,"minecraft:iron_axe":3,"minecraft:tripwire_hook":1,"minecraft:bucket":1,"minecraft:smooth_basalt":7,"minecraft:redstone":10,"minecraft:blue_terracotta":1,"minecraft:tuff_bricks":9,"minecraft:raw_copper":29,"minecraft:jukebox":1,"minecraft:tuff":4,"minecraft:raw_iron":2,"minecraft:deepslate_bricks":18,"minecraft:filled_map":8,"minecraft:gray_terracotta":5,"minecraft:shield":1,"minecraft:trial_key":2,"minecraft:diamond_chestplate":2,"minecraft:andesite":8,"minecraft:blue_ice":4,"minecraft:golden_leggings":7,"minecraft:oak_sapling":5,"minecraft:waxed_oxidized_cut_copper":4,"minecraft:diamond_boots":3,"minecraft:spruce_log":505,"minecraft:stone_pickaxe":3,"minecraft:raw_gold":2,"minecraft:dead_brain_coral_block":5,"minecraft:magma_cream":6,"minecraft:calcite":19,"minecraft:waxed_oxidized_copper_grate":3,"minecraft:amethyst_cluster":4},"minecraft:killed_by":{"minecraft:vindicator":1,"minecraft:zombie":2,"minecraft:stray":1,"minecraft:creeper":2,"minecraft:elder_guardian":2,"minecraft:player":3,"minecraft:skeleton":1}},"DataVersion":3955}